order,tile_id,slide,image,context,tile_um,context_um,core_box,dup_of
1,R25-264-32_x011264_y019456,R25-264-32,images/R25-264-32_x011264_y019456.png,context/R25-264-32_x011264_y019456.jpg,253.6,760.8,341 341 341 341,
2,R25-264-34_x015872_y010752,R25-264-34,images/R25-264-34_x015872_y010752.png,context/R25-264-34_x015872_y010752.jpg,253.6,760.8,341 341 341 341,
3,R25-264-12_x030720_y014336,R25-264-12,images/R25-264-12_x030720_y014336.png,context/R25-264-12_x030720_y014336.jpg,253.6,760.8,341 341 341 341,
4,R26-122-36_HE_95_x024064_y012800,R26-122-36_HE_95,images/R26-122-36_HE_95_x024064_y012800.png,context/R26-122-36_HE_95_x024064_y012800.jpg,253.6,760.8,341 341 341 341,
5,R25-264-32_x042496_y019456,R25-264-32,images/R25-264-32_x042496_y019456.png,context/R25-264-32_x042496_y019456.jpg,253.6,760.8,341 341 341 341,
6,R25-264-11_x027648_y011264,R25-264-11,images/R25-264-11_x027648_y011264.png,context/R25-264-11_x027648_y011264.jpg,253.6,760.8,341 341 341 341,
7,R25-264-13_x044544_y018432,R25-264-13,images/R25-264-13_x044544_y018432.png,context/R25-264-13_x044544_y018432.jpg,253.6,760.8,341 341 341 341,
8,R25-264-34_x015872_y009728,R25-264-34,images/R25-264-34_x015872_y009728.png,context/R25-264-34_x015872_y009728.jpg,253.6,760.8,341 341 341 341,
9,R25-264-12_x019456_y014336,R25-264-12,images/R25-264-12_x019456_y014336.png,context/R25-264-12_x019456_y014336.jpg,253.6,760.8,341 341 341 341,
10,R25-264-33_x023040_y018432,R25-264-33,images/R25-264-33_x023040_y018432.png,context/R25-264-33_x023040_y018432.jpg,253.6,760.8,341 341 341 341,
11,R25-264-12_x040960_y014336,R25-264-12,images/R25-264-12_x040960_y014336.png,context/R25-264-12_x040960_y014336.jpg,253.6,760.8,341 341 341 341,
12,R25-264-32_x021504_y019968,R25-264-32,images/R25-264-32_x021504_y019968.png,context/R25-264-32_x021504_y019968.jpg,253.6,760.8,341 341 341 341,
13,R25-264-1_x032256_y022528,R25-264-1,images/R25-264-1_x032256_y022528.png,context/R25-264-1_x032256_y022528.jpg,253.6,760.8,341 341 341 341,
14,R25-264-31_x028160_y015360,R25-264-31,images/R25-264-31_x028160_y015360.png,context/R25-264-31_x028160_y015360.jpg,253.6,760.8,341 341 341 341,
15,R25-264-33_x021504_y017408,R25-264-33,images/R25-264-33_x021504_y017408.png,context/R25-264-33_x021504_y017408.jpg,253.6,760.8,341 341 341 341,
16,R25-264-13_x035840_y018432,R25-264-13,images/R25-264-13_x035840_y018432.png,context/R25-264-13_x035840_y018432.jpg,253.6,760.8,341 341 341 341,
17,R25-264-37_x017408_y008192,R25-264-37,images/R25-264-37_x017408_y008192.png,context/R25-264-37_x017408_y008192.jpg,253.6,760.8,341 341 341 341,
18,R26-122-2_HE_71_x009216_y013312,R26-122-2_HE_71,images/R26-122-2_HE_71_x009216_y013312.png,context/R26-122-2_HE_71_x009216_y013312.jpg,253.6,760.8,341 341 341 341,
19,R25-264-12_x039424_y014848,R25-264-12,images/R25-264-12_x039424_y014848.png,context/R25-264-12_x039424_y014848.jpg,253.6,760.8,341 341 341 341,
20,R25-264-12_x015872_y015360,R25-264-12,images/R25-264-12_x015872_y015360.png,context/R25-264-12_x015872_y015360.jpg,253.6,760.8,341 341 341 341,
21,R25-264-33_x020480_y018944,R25-264-33,images/R25-264-33_x020480_y018944.png,context/R25-264-33_x020480_y018944.jpg,253.6,760.8,341 341 341 341,
22,R26-122-36_HE_95_x004096_y012288,R26-122-36_HE_95,images/R26-122-36_HE_95_x004096_y012288.png,context/R26-122-36_HE_95_x004096_y012288.jpg,253.6,760.8,341 341 341 341,
23,R25-264-1_x016384_y021504,R25-264-1,images/R25-264-1_x016384_y021504.png,context/R25-264-1_x016384_y021504.jpg,253.6,760.8,341 341 341 341,
24,R25-264-13_x018944_y019456,R25-264-13,images/R25-264-13_x018944_y019456.png,context/R25-264-13_x018944_y019456.jpg,253.6,760.8,341 341 341 341,
25,R26-122-10_HE_79_x023040_y008704,R26-122-10_HE_79,images/R26-122-10_HE_79_x023040_y008704.png,context/R26-122-10_HE_79_x023040_y008704.jpg,253.6,760.8,341 341 341 341,
26,R25-264-12_x021504_y015360,R25-264-12,images/R25-264-12_x021504_y015360.png,context/R25-264-12_x021504_y015360.jpg,253.6,760.8,341 341 341 341,
27,R25-264-13_x017408_y018432,R25-264-13,images/R25-264-13_x017408_y018432.png,context/R25-264-13_x017408_y018432.jpg,253.6,760.8,341 341 341 341,
28,R26-122-2_HE_71_x007168_y012800,R26-122-2_HE_71,images/R26-122-2_HE_71_x007168_y012800.png,context/R26-122-2_HE_71_x007168_y012800.jpg,253.6,760.8,341 341 341 341,
29,R25-264-1_x027648_y020992,R25-264-1,images/R25-264-1_x027648_y020992.png,context/R25-264-1_x027648_y020992.jpg,253.6,760.8,341 341 341 341,
30,R25-264-31_x024064_y016896,R25-264-31,images/R25-264-31_x024064_y016896.png,context/R25-264-31_x024064_y016896.jpg,253.6,760.8,341 341 341 341,
31,R25-264-13_x032768_y018432,R25-264-13,images/R25-264-13_x032768_y018432.png,context/R25-264-13_x032768_y018432.jpg,253.6,760.8,341 341 341 341,
32,R25-264-31_x022016_y015872,R25-264-31,images/R25-264-31_x022016_y015872.png,context/R25-264-31_x022016_y015872.jpg,253.6,760.8,341 341 341 341,
33,R25-264-11_x038400_y010752,R25-264-11,images/R25-264-11_x038400_y010752.png,context/R25-264-11_x038400_y010752.jpg,253.6,760.8,341 341 341 341,
34,R25-264-11_x013312_y010240,R25-264-11,images/R25-264-11_x013312_y010240.png,context/R25-264-11_x013312_y010240.jpg,253.6,760.8,341 341 341 341,
35,R25-264-33_x017408_y019456,R25-264-33,images/R25-264-33_x017408_y019456.png,context/R25-264-33_x017408_y019456.jpg,253.6,760.8,341 341 341 341,
36,R25-264-12_x007680_y014848,R25-264-12,images/R25-264-12_x007680_y014848.png,context/R25-264-12_x007680_y014848.jpg,253.6,760.8,341 341 341 341,
37,R25-264-13_x037376_y018944,R25-264-13,images/R25-264-13_x037376_y018944.png,context/R25-264-13_x037376_y018944.jpg,253.6,760.8,341 341 341 341,
38,R26-122-17_HE_101_x024576_y016896,R26-122-17_HE_101,images/R26-122-17_HE_101_x024576_y016896.png,context/R26-122-17_HE_101_x024576_y016896.jpg,253.6,760.8,341 341 341 341,
39,R26-122-23_HE_91_x025600_y014336,R26-122-23_HE_91,images/R26-122-23_HE_91_x025600_y014336.png,context/R26-122-23_HE_91_x025600_y014336.jpg,253.6,760.8,341 341 341 341,
40,R25-264-13_x024064_y018432,R25-264-13,images/R25-264-13_x024064_y018432.png,context/R25-264-13_x024064_y018432.jpg,253.6,760.8,341 341 341 341,
41,R25-264-11_x009216_y011776,R25-264-11,images/R25-264-11_x009216_y011776.png,context/R25-264-11_x009216_y011776.jpg,253.6,760.8,341 341 341 341,
42,R25-264-31_x015360_y016384,R25-264-31,images/R25-264-31_x015360_y016384.png,context/R25-264-31_x015360_y016384.jpg,253.6,760.8,341 341 341 341,
43,R25-264-37_x019456_y008192,R25-264-37,images/R25-264-37_x019456_y008192.png,context/R25-264-37_x019456_y008192.jpg,253.6,760.8,341 341 341 341,
44,R25-264-37_x016896_y009216,R25-264-37,images/R25-264-37_x016896_y009216.png,context/R25-264-37_x016896_y009216.jpg,253.6,760.8,341 341 341 341,
45,R25-264-12_x027136_y014336,R25-264-12,images/R25-264-12_x027136_y014336.png,context/R25-264-12_x027136_y014336.jpg,253.6,760.8,341 341 341 341,
46,R25-264-11_x017408_y010752,R25-264-11,images/R25-264-11_x017408_y010752.png,context/R25-264-11_x017408_y010752.jpg,253.6,760.8,341 341 341 341,
47,R25-264-32_x007680_y019456,R25-264-32,images/R25-264-32_x007680_y019456.png,context/R25-264-32_x007680_y019456.jpg,253.6,760.8,341 341 341 341,
48,R25-264-12_x020480_y014336,R25-264-12,images/R25-264-12_x020480_y014336.png,context/R25-264-12_x020480_y014336.jpg,253.6,760.8,341 341 341 341,
49,R25-264-32_x045568_y019456,R25-264-32,images/R25-264-32_x045568_y019456.png,context/R25-264-32_x045568_y019456.jpg,253.6,760.8,341 341 341 341,
50,R25-264-12_x034304_y014336,R25-264-12,images/R25-264-12_x034304_y014336.png,context/R25-264-12_x034304_y014336.jpg,253.6,760.8,341 341 341 341,
51,R25-264-33_x028672_y017920,R25-264-33,images/R25-264-33_x028672_y017920.png,context/R25-264-33_x028672_y017920.jpg,253.6,760.8,341 341 341 341,
52,R25-264-31_x025088_y016384,R25-264-31,images/R25-264-31_x025088_y016384.png,context/R25-264-31_x025088_y016384.jpg,253.6,760.8,341 341 341 341,
53,R25-264-33_x013824_y018944,R25-264-33,images/R25-264-33_x013824_y018944.png,context/R25-264-33_x013824_y018944.jpg,253.6,760.8,341 341 341 341,
54,R25-264-31_x006656_y016384,R25-264-31,images/R25-264-31_x006656_y016384.png,context/R25-264-31_x006656_y016384.jpg,253.6,760.8,341 341 341 341,
55,R25-264-33_x009216_y018432,R25-264-33,images/R25-264-33_x009216_y018432.png,context/R25-264-33_x009216_y018432.jpg,253.6,760.8,341 341 341 341,
56,R25-264-33_x016896_y018432,R25-264-33,images/R25-264-33_x016896_y018432.png,context/R25-264-33_x016896_y018432.jpg,253.6,760.8,341 341 341 341,
57,R25-264-32_x028160_y018944,R25-264-32,images/R25-264-32_x028160_y018944.png,context/R25-264-32_x028160_y018944.jpg,253.6,760.8,341 341 341 341,
58,R25-264-32_x033280_y019968,R25-264-32,images/R25-264-32_x033280_y019968.png,context/R25-264-32_x033280_y019968.jpg,253.6,760.8,341 341 341 341,
59,R25-264-11_x015872_y010752,R25-264-11,images/R25-264-11_x015872_y010752.png,context/R25-264-11_x015872_y010752.jpg,253.6,760.8,341 341 341 341,
60,R26-122-36_HE_95_x005120_y011776,R26-122-36_HE_95,images/R26-122-36_HE_95_x005120_y011776.png,context/R26-122-36_HE_95_x005120_y011776.jpg,253.6,760.8,341 341 341 341,
61,R25-264-34_x007168_y010240,R25-264-34,images/R25-264-34_x007168_y010240.png,context/R25-264-34_x007168_y010240.jpg,253.6,760.8,341 341 341 341,
62,R25-264-33_x018944_y019968,R25-264-33,images/R25-264-33_x018944_y019968.png,context/R25-264-33_x018944_y019968.jpg,253.6,760.8,341 341 341 341,
63,R25-264-12_x037376_y014336,R25-264-12,images/R25-264-12_x037376_y014336.png,context/R25-264-12_x037376_y014336.jpg,253.6,760.8,341 341 341 341,
64,R25-264-32_x030208_y019456,R25-264-32,images/R25-264-32_x030208_y019456.png,context/R25-264-32_x030208_y019456.jpg,253.6,760.8,341 341 341 341,
65,R26-122-10_HE_79_x016896_y009728,R26-122-10_HE_79,images/R26-122-10_HE_79_x016896_y009728.png,context/R26-122-10_HE_79_x016896_y009728.jpg,253.6,760.8,341 341 341 341,
66,R25-264-33_x015360_y017920,R25-264-33,images/R25-264-33_x015360_y017920.png,context/R25-264-33_x015360_y017920.jpg,253.6,760.8,341 341 341 341,
67,R26-122-10_HE_79_x011264_y009728,R26-122-10_HE_79,images/R26-122-10_HE_79_x011264_y009728.png,context/R26-122-10_HE_79_x011264_y009728.jpg,253.6,760.8,341 341 341 341,
68,R25-264-11_x039936_y009728,R25-264-11,images/R25-264-11_x039936_y009728.png,context/R25-264-11_x039936_y009728.jpg,253.6,760.8,341 341 341 341,
69,R26-122-23_HE_91_x028160_y014336,R26-122-23_HE_91,images/R26-122-23_HE_91_x028160_y014336.png,context/R26-122-23_HE_91_x028160_y014336.jpg,253.6,760.8,341 341 341 341,
70,R25-264-34_x009216_y010240,R25-264-34,images/R25-264-34_x009216_y010240.png,context/R25-264-34_x009216_y010240.jpg,253.6,760.8,341 341 341 341,
71,R25-264-33_x022016_y019456,R25-264-33,images/R25-264-33_x022016_y019456.png,context/R25-264-33_x022016_y019456.jpg,253.6,760.8,341 341 341 341,
72,R25-264-1_x020992_y022016,R25-264-1,images/R25-264-1_x020992_y022016.png,context/R25-264-1_x020992_y022016.jpg,253.6,760.8,341 341 341 341,
73,R25-264-31_x027136_y016896,R25-264-31,images/R25-264-31_x027136_y016896.png,context/R25-264-31_x027136_y016896.jpg,253.6,760.8,341 341 341 341,
74,R25-264-13_x042496_y018432,R25-264-13,images/R25-264-13_x042496_y018432.png,context/R25-264-13_x042496_y018432.jpg,253.6,760.8,341 341 341 341,
75,R25-264-34_x014336_y009728,R25-264-34,images/R25-264-34_x014336_y009728.png,context/R25-264-34_x014336_y009728.jpg,253.6,760.8,341 341 341 341,
76,R25-264-34_x019968_y010240,R25-264-34,images/R25-264-34_x019968_y010240.png,context/R25-264-34_x019968_y010240.jpg,253.6,760.8,341 341 341 341,
77,R25-264-13_x025600_y019456,R25-264-13,images/R25-264-13_x025600_y019456.png,context/R25-264-13_x025600_y019456.jpg,253.6,760.8,341 341 341 341,
78,R25-264-32_x029184_y019456,R25-264-32,images/R25-264-32_x029184_y019456.png,context/R25-264-32_x029184_y019456.jpg,253.6,760.8,341 341 341 341,
79,R25-264-12_x019456_y015360,R25-264-12,images/R25-264-12_x019456_y015360.png,context/R25-264-12_x019456_y015360.jpg,253.6,760.8,341 341 341 341,
80,R26-122-23_HE_91_x016384_y015872,R26-122-23_HE_91,images/R26-122-23_HE_91_x016384_y015872.png,context/R26-122-23_HE_91_x016384_y015872.jpg,253.6,760.8,341 341 341 341,
81,R26-122-36_HE_95_x026624_y013312,R26-122-36_HE_95,images/R26-122-36_HE_95_x026624_y013312.png,context/R26-122-36_HE_95_x026624_y013312.jpg,253.6,760.8,341 341 341 341,
82,R26-122-23_HE_91_x010752_y015872,R26-122-23_HE_91,images/R26-122-23_HE_91_x010752_y015872.png,context/R26-122-23_HE_91_x010752_y015872.jpg,253.6,760.8,341 341 341 341,
83,R25-264-11_x004608_y010752,R25-264-11,images/R25-264-11_x004608_y010752.png,context/R25-264-11_x004608_y010752.jpg,253.6,760.8,341 341 341 341,
84,R25-264-37_x036864_y008704,R25-264-37,images/R25-264-37_x036864_y008704.png,context/R25-264-37_x036864_y008704.jpg,253.6,760.8,341 341 341 341,
85,R25-264-33_x031232_y017920,R25-264-33,images/R25-264-33_x031232_y017920.png,context/R25-264-33_x031232_y017920.jpg,253.6,760.8,341 341 341 341,
86,R25-264-32_x023552_y019456,R25-264-32,images/R25-264-32_x023552_y019456.png,context/R25-264-32_x023552_y019456.jpg,253.6,760.8,341 341 341 341,
87,R25-264-37_x032768_y007680,R25-264-37,images/R25-264-37_x032768_y007680.png,context/R25-264-37_x032768_y007680.jpg,253.6,760.8,341 341 341 341,
88,R25-264-12_x043008_y014336,R25-264-12,images/R25-264-12_x043008_y014336.png,context/R25-264-12_x043008_y014336.jpg,253.6,760.8,341 341 341 341,
89,R25-264-33_x027648_y017920,R25-264-33,images/R25-264-33_x027648_y017920.png,context/R25-264-33_x027648_y017920.jpg,253.6,760.8,341 341 341 341,
90,R25-264-12_x026112_y015360,R25-264-12,images/R25-264-12_x026112_y015360.png,context/R25-264-12_x026112_y015360.jpg,253.6,760.8,341 341 341 341,
91,R25-264-33_x029696_y017920,R25-264-33,images/R25-264-33_x029696_y017920.png,context/R25-264-33_x029696_y017920.jpg,253.6,760.8,341 341 341 341,
92,R25-264-13_x027648_y018944,R25-264-13,images/R25-264-13_x027648_y018944.png,context/R25-264-13_x027648_y018944.jpg,253.6,760.8,341 341 341 341,
93,R25-264-34_x013312_y010240,R25-264-34,images/R25-264-34_x013312_y010240.png,context/R25-264-34_x013312_y010240.jpg,253.6,760.8,341 341 341 341,
94,R26-122-2_HE_71_x010240_y010240,R26-122-2_HE_71,images/R26-122-2_HE_71_x010240_y010240.png,context/R26-122-2_HE_71_x010240_y010240.jpg,253.6,760.8,341 341 341 341,
95,R25-264-1_x005632_y022528,R25-264-1,images/R25-264-1_x005632_y022528.png,context/R25-264-1_x005632_y022528.jpg,253.6,760.8,341 341 341 341,
96,R25-264-12_x017408_y014848,R25-264-12,images/R25-264-12_x017408_y014848.png,context/R25-264-12_x017408_y014848.jpg,253.6,760.8,341 341 341 341,
97,R25-264-32_x018944_y019968,R25-264-32,images/R25-264-32_x018944_y019968.png,context/R25-264-32_x018944_y019968.jpg,253.6,760.8,341 341 341 341,
98,R25-264-11_x021504_y010240,R25-264-11,images/R25-264-11_x021504_y010240.png,context/R25-264-11_x021504_y010240.jpg,253.6,760.8,341 341 341 341,
99,R26-122-10_HE_79_x003072_y010752,R26-122-10_HE_79,images/R26-122-10_HE_79_x003072_y010752.png,context/R26-122-10_HE_79_x003072_y010752.jpg,253.6,760.8,341 341 341 341,
100,R25-264-31_x033792_y015360,R25-264-31,images/R25-264-31_x033792_y015360.png,context/R25-264-31_x033792_y015360.jpg,253.6,760.8,341 341 341 341,
101,R25-264-31_x009216_y015872,R25-264-31,images/R25-264-31_x009216_y015872.png,context/R25-264-31_x009216_y015872.jpg,253.6,760.8,341 341 341 341,
102,R25-264-31_x011776_y016384,R25-264-31,images/R25-264-31_x011776_y016384.png,context/R25-264-31_x011776_y016384.jpg,253.6,760.8,341 341 341 341,
103,R25-264-12_x013824_y014848,R25-264-12,images/R25-264-12_x013824_y014848.png,context/R25-264-12_x013824_y014848.jpg,253.6,760.8,341 341 341 341,
104,R25-264-37_x035840_y007168,R25-264-37,images/R25-264-37_x035840_y007168.png,context/R25-264-37_x035840_y007168.jpg,253.6,760.8,341 341 341 341,
105,R25-264-1_x025088_y023040,R25-264-1,images/R25-264-1_x025088_y023040.png,context/R25-264-1_x025088_y023040.jpg,253.6,760.8,341 341 341 341,
106,R25-264-12_x008704_y015360,R25-264-12,images/R25-264-12_x008704_y015360.png,context/R25-264-12_x008704_y015360.jpg,253.6,760.8,341 341 341 341,
107,R25-264-31_x017408_y015872,R25-264-31,images/R25-264-31_x017408_y015872.png,context/R25-264-31_x017408_y015872.jpg,253.6,760.8,341 341 341 341,
108,R25-264-11_x008704_y010752,R25-264-11,images/R25-264-11_x008704_y010752.png,context/R25-264-11_x008704_y010752.jpg,253.6,760.8,341 341 341 341,
109,R25-264-34_x014848_y010752,R25-264-34,images/R25-264-34_x014848_y010752.png,context/R25-264-34_x014848_y010752.jpg,253.6,760.8,341 341 341 341,
110,R26-122-36_HE_95_x027136_y011264,R26-122-36_HE_95,images/R26-122-36_HE_95_x027136_y011264.png,context/R26-122-36_HE_95_x027136_y011264.jpg,253.6,760.8,341 341 341 341,
111,R25-264-11_x003584_y011264,R25-264-11,images/R25-264-11_x003584_y011264.png,context/R25-264-11_x003584_y011264.jpg,253.6,760.8,341 341 341 341,
112,R25-264-13_x014336_y019456,R25-264-13,images/R25-264-13_x014336_y019456.png,context/R25-264-13_x014336_y019456.jpg,253.6,760.8,341 341 341 341,
113,R25-264-13_x048640_y018432,R25-264-13,images/R25-264-13_x048640_y018432.png,context/R25-264-13_x048640_y018432.jpg,253.6,760.8,341 341 341 341,
114,R25-264-31_x005632_y015872,R25-264-31,images/R25-264-31_x005632_y015872.png,context/R25-264-31_x005632_y015872.jpg,253.6,760.8,341 341 341 341,
115,R25-264-33_x019456_y018944,R25-264-33,images/R25-264-33_x019456_y018944.png,context/R25-264-33_x019456_y018944.jpg,253.6,760.8,341 341 341 341,
116,R25-264-33_x026112_y017920,R25-264-33,images/R25-264-33_x026112_y017920.png,context/R25-264-33_x026112_y017920.jpg,253.6,760.8,341 341 341 341,
117,R25-264-13_x025600_y018432,R25-264-13,images/R25-264-13_x025600_y018432.png,context/R25-264-13_x025600_y018432.jpg,253.6,760.8,341 341 341 341,
118,R25-264-33_x012288_y017920,R25-264-33,images/R25-264-33_x012288_y017920.png,context/R25-264-33_x012288_y017920.jpg,253.6,760.8,341 341 341 341,
119,R25-264-31_x010240_y015872,R25-264-31,images/R25-264-31_x010240_y015872.png,context/R25-264-31_x010240_y015872.jpg,253.6,760.8,341 341 341 341,
120,R25-264-34_x033280_y010240,R25-264-34,images/R25-264-34_x033280_y010240.png,context/R25-264-34_x033280_y010240.jpg,253.6,760.8,341 341 341 341,
121,R26-122-17_HE_101_x016896_y019456,R26-122-17_HE_101,images/R26-122-17_HE_101_x016896_y019456.png,context/R26-122-17_HE_101_x016896_y019456.jpg,253.6,760.8,341 341 341 341,
122,R25-264-32_x009728_y019456,R25-264-32,images/R25-264-32_x009728_y019456.png,context/R25-264-32_x009728_y019456.jpg,253.6,760.8,341 341 341 341,
123,R25-264-1_x030208_y020992,R25-264-1,images/R25-264-1_x030208_y020992.png,context/R25-264-1_x030208_y020992.jpg,253.6,760.8,341 341 341 341,
124,R25-264-11_x019968_y010752,R25-264-11,images/R25-264-11_x019968_y010752.png,context/R25-264-11_x019968_y010752.jpg,253.6,760.8,341 341 341 341,
125,R25-264-1_x024576_y020480,R25-264-1,images/R25-264-1_x024576_y020480.png,context/R25-264-1_x024576_y020480.jpg,253.6,760.8,341 341 341 341,
126,R25-264-13_x029696_y018944,R25-264-13,images/R25-264-13_x029696_y018944.png,context/R25-264-13_x029696_y018944.jpg,253.6,760.8,341 341 341 341,
127,R25-264-13_x010752_y018944,R25-264-13,images/R25-264-13_x010752_y018944.png,context/R25-264-13_x010752_y018944.jpg,253.6,760.8,341 341 341 341,
128,R25-264-1_x018432_y020992,R25-264-1,images/R25-264-1_x018432_y020992.png,context/R25-264-1_x018432_y020992.jpg,253.6,760.8,341 341 341 341,
129,R25-264-12_x024064_y014336,R25-264-12,images/R25-264-12_x024064_y014336.png,context/R25-264-12_x024064_y014336.jpg,253.6,760.8,341 341 341 341,
130,R25-264-13_x034816_y018944,R25-264-13,images/R25-264-13_x034816_y018944.png,context/R25-264-13_x034816_y018944.jpg,253.6,760.8,341 341 341 341,
131,R26-122-2_HE_71_x005120_y010240,R26-122-2_HE_71,images/R26-122-2_HE_71_x005120_y010240.png,context/R26-122-2_HE_71_x005120_y010240.jpg,253.6,760.8,341 341 341 341,
132,R25-264-11_x012800_y011264,R25-264-11,images/R25-264-11_x012800_y011264.png,context/R25-264-11_x012800_y011264.jpg,253.6,760.8,341 341 341 341,
133,R26-122-10_HE_79_x012800_y010752,R26-122-10_HE_79,images/R26-122-10_HE_79_x012800_y010752.png,context/R26-122-10_HE_79_x012800_y010752.jpg,253.6,760.8,341 341 341 341,
134,R25-264-1_x022528_y023040,R25-264-1,images/R25-264-1_x022528_y023040.png,context/R25-264-1_x022528_y023040.jpg,253.6,760.8,341 341 341 341,
135,R25-264-37_x023040_y008192,R25-264-37,images/R25-264-37_x023040_y008192.png,context/R25-264-37_x023040_y008192.jpg,253.6,760.8,341 341 341 341,
136,R26-122-23_HE_91_x016384_y013824,R26-122-23_HE_91,images/R26-122-23_HE_91_x016384_y013824.png,context/R26-122-23_HE_91_x016384_y013824.jpg,253.6,760.8,341 341 341 341,
137,R25-264-37_x034304_y008192,R25-264-37,images/R25-264-37_x034304_y008192.png,context/R25-264-37_x034304_y008192.jpg,253.6,760.8,341 341 341 341,
138,R25-264-31_x007680_y016384,R25-264-31,images/R25-264-31_x007680_y016384.png,context/R25-264-31_x007680_y016384.jpg,253.6,760.8,341 341 341 341,
139,R25-264-13_x004096_y018944,R25-264-13,images/R25-264-13_x004096_y018944.png,context/R25-264-13_x004096_y018944.jpg,253.6,760.8,341 341 341 341,
140,R25-264-34_x020992_y010240,R25-264-34,images/R25-264-34_x020992_y010240.png,context/R25-264-34_x020992_y010240.jpg,253.6,760.8,341 341 341 341,
141,R26-122-17_HE_101_x012800_y019456,R26-122-17_HE_101,images/R26-122-17_HE_101_x012800_y019456.png,context/R26-122-17_HE_101_x012800_y019456.jpg,253.6,760.8,341 341 341 341,
142,R25-264-11_x025600_y011264,R25-264-11,images/R25-264-11_x025600_y011264.png,context/R25-264-11_x025600_y011264.jpg,253.6,760.8,341 341 341 341,
143,R25-264-34_x017920_y010240,R25-264-34,images/R25-264-34_x017920_y010240.png,context/R25-264-34_x017920_y010240.jpg,253.6,760.8,341 341 341 341,
144,R25-264-12_x022528_y015360,R25-264-12,images/R25-264-12_x022528_y015360.png,context/R25-264-12_x022528_y015360.jpg,253.6,760.8,341 341 341 341,
145,R25-264-34_x035328_y010240,R25-264-34,images/R25-264-34_x035328_y010240.png,context/R25-264-34_x035328_y010240.jpg,253.6,760.8,341 341 341 341,
146,R26-122-10_HE_79_x024576_y009728,R26-122-10_HE_79,images/R26-122-10_HE_79_x024576_y009728.png,context/R26-122-10_HE_79_x024576_y009728.jpg,253.6,760.8,341 341 341 341,
147,R26-122-23_HE_91_x017408_y013312,R26-122-23_HE_91,images/R26-122-23_HE_91_x017408_y013312.png,context/R26-122-23_HE_91_x017408_y013312.jpg,253.6,760.8,341 341 341 341,
148,R25-264-32_x044032_y018944,R25-264-32,images/R25-264-32_x044032_y018944.png,context/R25-264-32_x044032_y018944.jpg,253.6,760.8,341 341 341 341,
149,R25-264-34_x032256_y010752,R25-264-34,images/R25-264-34_x032256_y010752.png,context/R25-264-34_x032256_y010752.jpg,253.6,760.8,341 341 341 341,
150,R25-264-31_x027136_y015872,R25-264-31,images/R25-264-31_x027136_y015872.png,context/R25-264-31_x027136_y015872.jpg,253.6,760.8,341 341 341 341,
151,R26-122-10_HE_79_x007680_y008704,R26-122-10_HE_79,images/R26-122-10_HE_79_x007680_y008704.png,context/R26-122-10_HE_79_x007680_y008704.jpg,253.6,760.8,341 341 341 341,
152,R25-264-32_x038400_y019456,R25-264-32,images/R25-264-32_x038400_y019456.png,context/R25-264-32_x038400_y019456.jpg,253.6,760.8,341 341 341 341,
153,R25-264-37_x023552_y009216,R25-264-37,images/R25-264-37_x023552_y009216.png,context/R25-264-37_x023552_y009216.jpg,253.6,760.8,341 341 341 341,
154,R25-264-12_x041984_y014336,R25-264-12,images/R25-264-12_x041984_y014336.png,context/R25-264-12_x041984_y014336.jpg,253.6,760.8,341 341 341 341,
155,R26-122-2_HE_71_x004096_y011264,R26-122-2_HE_71,images/R26-122-2_HE_71_x004096_y011264.png,context/R26-122-2_HE_71_x004096_y011264.jpg,253.6,760.8,341 341 341 341,
156,R25-264-13_x039424_y018432,R25-264-13,images/R25-264-13_x039424_y018432.png,context/R25-264-13_x039424_y018432.jpg,253.6,760.8,341 341 341 341,
157,R25-264-1_x018432_y023040,R25-264-1,images/R25-264-1_x018432_y023040.png,context/R25-264-1_x018432_y023040.jpg,253.6,760.8,341 341 341 341,
158,R25-264-1_x029696_y022016,R25-264-1,images/R25-264-1_x029696_y022016.png,context/R25-264-1_x029696_y022016.jpg,253.6,760.8,341 341 341 341,
159,R25-264-31_x017920_y016896,R25-264-31,images/R25-264-31_x017920_y016896.png,context/R25-264-31_x017920_y016896.jpg,253.6,760.8,341 341 341 341,
160,R26-122-17_HE_101_x026112_y016896,R26-122-17_HE_101,images/R26-122-17_HE_101_x026112_y016896.png,context/R26-122-17_HE_101_x026112_y016896.jpg,253.6,760.8,341 341 341 341,
161,R25-264-12_x044032_y014848,R25-264-12,images/R25-264-12_x044032_y014848.png,context/R25-264-12_x044032_y014848.jpg,253.6,760.8,341 341 341 341,
162,R26-122-2_HE_71_x003072_y012800,R26-122-2_HE_71,images/R26-122-2_HE_71_x003072_y012800.png,context/R26-122-2_HE_71_x003072_y012800.jpg,253.6,760.8,341 341 341 341,
163,R25-264-11_x014848_y011264,R25-264-11,images/R25-264-11_x014848_y011264.png,context/R25-264-11_x014848_y011264.jpg,253.6,760.8,341 341 341 341,
164,R25-264-11_x014336_y010240,R25-264-11,images/R25-264-11_x014336_y010240.png,context/R25-264-11_x014336_y010240.jpg,253.6,760.8,341 341 341 341,
165,R25-264-34_x011776_y010240,R25-264-34,images/R25-264-34_x011776_y010240.png,context/R25-264-34_x011776_y010240.jpg,253.6,760.8,341 341 341 341,
166,R25-264-32_x031232_y019968,R25-264-32,images/R25-264-32_x031232_y019968.png,context/R25-264-32_x031232_y019968.jpg,253.6,760.8,341 341 341 341,
167,R25-264-31_x023040_y015872,R25-264-31,images/R25-264-31_x023040_y015872.png,context/R25-264-31_x023040_y015872.jpg,253.6,760.8,341 341 341 341,
168,R25-264-33_x023040_y017408,R25-264-33,images/R25-264-33_x023040_y017408.png,context/R25-264-33_x023040_y017408.jpg,253.6,760.8,341 341 341 341,
169,R25-264-13_x035840_y018432__r2,R25-264-13,images/R25-264-13_x035840_y018432.png,context/R25-264-13_x035840_y018432.jpg,253.6,760.8,341 341 341 341,R25-264-13_x035840_y018432
170,R25-264-1_x028672_y023040,R25-264-1,images/R25-264-1_x028672_y023040.png,context/R25-264-1_x028672_y023040.jpg,253.6,760.8,341 341 341 341,
171,R25-264-31_x018944_y015872,R25-264-31,images/R25-264-31_x018944_y015872.png,context/R25-264-31_x018944_y015872.jpg,253.6,760.8,341 341 341 341,
172,R25-264-33_x024576_y017408,R25-264-33,images/R25-264-33_x024576_y017408.png,context/R25-264-33_x024576_y017408.jpg,253.6,760.8,341 341 341 341,
173,R25-264-37_x030208_y008192,R25-264-37,images/R25-264-37_x030208_y008192.png,context/R25-264-37_x030208_y008192.jpg,253.6,760.8,341 341 341 341,
174,R25-264-1_x017408_y020992,R25-264-1,images/R25-264-1_x017408_y020992.png,context/R25-264-1_x017408_y020992.jpg,253.6,760.8,341 341 341 341,
175,R26-122-17_HE_101_x011776_y018432,R26-122-17_HE_101,images/R26-122-17_HE_101_x011776_y018432.png,context/R26-122-17_HE_101_x011776_y018432.jpg,253.6,760.8,341 341 341 341,
176,R25-264-37_x024576_y007680,R25-264-37,images/R25-264-37_x024576_y007680.png,context/R25-264-37_x024576_y007680.jpg,253.6,760.8,341 341 341 341,
177,R25-264-13_x026624_y018432,R25-264-13,images/R25-264-13_x026624_y018432.png,context/R25-264-13_x026624_y018432.jpg,253.6,760.8,341 341 341 341,
178,R25-264-12_x006144_y015360,R25-264-12,images/R25-264-12_x006144_y015360.png,context/R25-264-12_x006144_y015360.jpg,253.6,760.8,341 341 341 341,
179,R25-264-37_x013312_y009216,R25-264-37,images/R25-264-37_x013312_y009216.png,context/R25-264-37_x013312_y009216.jpg,253.6,760.8,341 341 341 341,
180,R25-264-37_x029184_y009216,R25-264-37,images/R25-264-37_x029184_y009216.png,context/R25-264-37_x029184_y009216.jpg,253.6,760.8,341 341 341 341,
181,R25-264-32_x019968_y018944,R25-264-32,images/R25-264-32_x019968_y018944.png,context/R25-264-32_x019968_y018944.jpg,253.6,760.8,341 341 341 341,
182,R25-264-37_x014336_y008192,R25-264-37,images/R25-264-37_x014336_y008192.png,context/R25-264-37_x014336_y008192.jpg,253.6,760.8,341 341 341 341,
183,R25-264-33_x023040_y019456,R25-264-33,images/R25-264-33_x023040_y019456.png,context/R25-264-33_x023040_y019456.jpg,253.6,760.8,341 341 341 341,
184,R25-264-33_x013824_y019968,R25-264-33,images/R25-264-33_x013824_y019968.png,context/R25-264-33_x013824_y019968.jpg,253.6,760.8,341 341 341 341,
185,R25-264-34_x015872_y010752__r2,R25-264-34,images/R25-264-34_x015872_y010752.png,context/R25-264-34_x015872_y010752.jpg,253.6,760.8,341 341 341 341,R25-264-34_x015872_y010752
186,R25-264-13_x030720_y018944,R25-264-13,images/R25-264-13_x030720_y018944.png,context/R25-264-13_x030720_y018944.jpg,253.6,760.8,341 341 341 341,
187,R25-264-31_x005120_y016896,R25-264-31,images/R25-264-31_x005120_y016896.png,context/R25-264-31_x005120_y016896.jpg,253.6,760.8,341 341 341 341,
188,R25-264-13_x009216_y019456,R25-264-13,images/R25-264-13_x009216_y019456.png,context/R25-264-13_x009216_y019456.jpg,253.6,760.8,341 341 341 341,
189,R25-264-31_x031744_y015872,R25-264-31,images/R25-264-31_x031744_y015872.png,context/R25-264-31_x031744_y015872.jpg,253.6,760.8,341 341 341 341,
190,R25-264-34_x036352_y009728,R25-264-34,images/R25-264-34_x036352_y009728.png,context/R25-264-34_x036352_y009728.jpg,253.6,760.8,341 341 341 341,
191,R25-264-11_x006144_y010752,R25-264-11,images/R25-264-11_x006144_y010752.png,context/R25-264-11_x006144_y010752.jpg,253.6,760.8,341 341 341 341,
192,R25-264-31_x019968_y016384,R25-264-31,images/R25-264-31_x019968_y016384.png,context/R25-264-31_x019968_y016384.jpg,253.6,760.8,341 341 341 341,
193,R25-264-11_x021504_y011264,R25-264-11,images/R25-264-11_x021504_y011264.png,context/R25-264-11_x021504_y011264.jpg,253.6,760.8,341 341 341 341,
194,R26-122-23_HE_91_x027136_y013312,R26-122-23_HE_91,images/R26-122-23_HE_91_x027136_y013312.png,context/R26-122-23_HE_91_x027136_y013312.jpg,253.6,760.8,341 341 341 341,
195,R25-264-11_x037376_y010752,R25-264-11,images/R25-264-11_x037376_y010752.png,context/R25-264-11_x037376_y010752.jpg,253.6,760.8,341 341 341 341,
196,R25-264-1_x018432_y022016,R25-264-1,images/R25-264-1_x018432_y022016.png,context/R25-264-1_x018432_y022016.jpg,253.6,760.8,341 341 341 341,
197,R25-264-13_x018944_y019456__r2,R25-264-13,images/R25-264-13_x018944_y019456.png,context/R25-264-13_x018944_y019456.jpg,253.6,760.8,341 341 341 341,R25-264-13_x018944_y019456
198,R25-264-32_x014336_y019456,R25-264-32,images/R25-264-32_x014336_y019456.png,context/R25-264-32_x014336_y019456.jpg,253.6,760.8,341 341 341 341,
199,R25-264-31_x004096_y015872,R25-264-31,images/R25-264-31_x004096_y015872.png,context/R25-264-31_x004096_y015872.jpg,253.6,760.8,341 341 341 341,
200,R25-264-34_x023552_y010240,R25-264-34,images/R25-264-34_x023552_y010240.png,context/R25-264-34_x023552_y010240.jpg,253.6,760.8,341 341 341 341,
201,R25-264-1_x008192_y023040,R25-264-1,images/R25-264-1_x008192_y023040.png,context/R25-264-1_x008192_y023040.jpg,253.6,760.8,341 341 341 341,
202,R26-122-10_HE_79_x025088_y008192,R26-122-10_HE_79,images/R26-122-10_HE_79_x025088_y008192.png,context/R26-122-10_HE_79_x025088_y008192.jpg,253.6,760.8,341 341 341 341,
203,R25-264-37_x030208_y009216,R25-264-37,images/R25-264-37_x030208_y009216.png,context/R25-264-37_x030208_y009216.jpg,253.6,760.8,341 341 341 341,
204,R26-122-2_HE_71_x003072_y011776,R26-122-2_HE_71,images/R26-122-2_HE_71_x003072_y011776.png,context/R26-122-2_HE_71_x003072_y011776.jpg,253.6,760.8,341 341 341 341,
205,R26-122-10_HE_79_x012288_y008704,R26-122-10_HE_79,images/R26-122-10_HE_79_x012288_y008704.png,context/R26-122-10_HE_79_x012288_y008704.jpg,253.6,760.8,341 341 341 341,
206,R25-264-37_x026624_y008704,R25-264-37,images/R25-264-37_x026624_y008704.png,context/R25-264-37_x026624_y008704.jpg,253.6,760.8,341 341 341 341,
207,R25-264-11_x016384_y011776,R25-264-11,images/R25-264-11_x016384_y011776.png,context/R25-264-11_x016384_y011776.jpg,253.6,760.8,341 341 341 341,
208,R25-264-31_x032256_y016896,R25-264-31,images/R25-264-31_x032256_y016896.png,context/R25-264-31_x032256_y016896.jpg,253.6,760.8,341 341 341 341,
209,R25-264-34_x016896_y010752,R25-264-34,images/R25-264-34_x016896_y010752.png,context/R25-264-34_x016896_y010752.jpg,253.6,760.8,341 341 341 341,
210,R25-264-37_x021504_y009216,R25-264-37,images/R25-264-37_x021504_y009216.png,context/R25-264-37_x021504_y009216.jpg,253.6,760.8,341 341 341 341,
211,R26-122-36_HE_95_x027648_y013824,R26-122-36_HE_95,images/R26-122-36_HE_95_x027648_y013824.png,context/R26-122-36_HE_95_x027648_y013824.jpg,253.6,760.8,341 341 341 341,
212,R26-122-10_HE_79_x017920_y008704,R26-122-10_HE_79,images/R26-122-10_HE_79_x017920_y008704.png,context/R26-122-10_HE_79_x017920_y008704.jpg,253.6,760.8,341 341 341 341,
213,R26-122-23_HE_91_x011264_y014848,R26-122-23_HE_91,images/R26-122-23_HE_91_x011264_y014848.png,context/R26-122-23_HE_91_x011264_y014848.jpg,253.6,760.8,341 341 341 341,
214,R26-122-17_HE_101_x007168_y018944,R26-122-17_HE_101,images/R26-122-17_HE_101_x007168_y018944.png,context/R26-122-17_HE_101_x007168_y018944.jpg,253.6,760.8,341 341 341 341,
215,R25-264-37_x013312_y008192,R25-264-37,images/R25-264-37_x013312_y008192.png,context/R25-264-37_x013312_y008192.jpg,253.6,760.8,341 341 341 341,
216,R25-264-32_x026112_y019968,R25-264-32,images/R25-264-32_x026112_y019968.png,context/R25-264-32_x026112_y019968.jpg,253.6,760.8,341 341 341 341,
217,R25-264-13_x025600_y019456__r2,R25-264-13,images/R25-264-13_x025600_y019456.png,context/R25-264-13_x025600_y019456.jpg,253.6,760.8,341 341 341 341,R25-264-13_x025600_y019456
218,R25-264-32_x033280_y019968__r2,R25-264-32,images/R25-264-32_x033280_y019968.png,context/R25-264-32_x033280_y019968.jpg,253.6,760.8,341 341 341 341,R25-264-32_x033280_y019968
219,R25-264-34_x034304_y010752,R25-264-34,images/R25-264-34_x034304_y010752.png,context/R25-264-34_x034304_y010752.jpg,253.6,760.8,341 341 341 341,
220,R26-122-36_HE_95_x019456_y014336,R26-122-36_HE_95,images/R26-122-36_HE_95_x019456_y014336.png,context/R26-122-36_HE_95_x019456_y014336.jpg,253.6,760.8,341 341 341 341,
221,R25-264-34_x010240_y009728,R25-264-34,images/R25-264-34_x010240_y009728.png,context/R25-264-34_x010240_y009728.jpg,253.6,760.8,341 341 341 341,
222,R25-264-12_x031744_y014848,R25-264-12,images/R25-264-12_x031744_y014848.png,context/R25-264-12_x031744_y014848.jpg,253.6,760.8,341 341 341 341,
223,R26-122-36_HE_95_x024064_y011776,R26-122-36_HE_95,images/R26-122-36_HE_95_x024064_y011776.png,context/R26-122-36_HE_95_x024064_y011776.jpg,253.6,760.8,341 341 341 341,
224,R25-264-32_x027136_y019456,R25-264-32,images/R25-264-32_x027136_y019456.png,context/R25-264-32_x027136_y019456.jpg,253.6,760.8,341 341 341 341,
225,R25-264-11_x005632_y011776,R25-264-11,images/R25-264-11_x005632_y011776.png,context/R25-264-11_x005632_y011776.jpg,253.6,760.8,341 341 341 341,
226,R26-122-10_HE_79_x021504_y009216,R26-122-10_HE_79,images/R26-122-10_HE_79_x021504_y009216.png,context/R26-122-10_HE_79_x021504_y009216.jpg,253.6,760.8,341 341 341 341,
227,R26-122-2_HE_71_x016384_y011776,R26-122-2_HE_71,images/R26-122-2_HE_71_x016384_y011776.png,context/R26-122-2_HE_71_x016384_y011776.jpg,253.6,760.8,341 341 341 341,
228,R25-264-11_x021504_y010240__r2,R25-264-11,images/R25-264-11_x021504_y010240.png,context/R25-264-11_x021504_y010240.jpg,253.6,760.8,341 341 341 341,R25-264-11_x021504_y010240
229,R26-122-17_HE_101_x013312_y018432,R26-122-17_HE_101,images/R26-122-17_HE_101_x013312_y018432.png,context/R26-122-17_HE_101_x013312_y018432.jpg,253.6,760.8,341 341 341 341,
230,R25-264-31_x012800_y015872,R25-264-31,images/R25-264-31_x012800_y015872.png,context/R25-264-31_x012800_y015872.jpg,253.6,760.8,341 341 341 341,
231,R25-264-37_x018432_y008704,R25-264-37,images/R25-264-37_x018432_y008704.png,context/R25-264-37_x018432_y008704.jpg,253.6,760.8,341 341 341 341,
232,R25-264-32_x022528_y018944,R25-264-32,images/R25-264-32_x022528_y018944.png,context/R25-264-32_x022528_y018944.jpg,253.6,760.8,341 341 341 341,
233,R25-264-11_x036352_y010240,R25-264-11,images/R25-264-11_x036352_y010240.png,context/R25-264-11_x036352_y010240.jpg,253.6,760.8,341 341 341 341,
234,R25-264-32_x023552_y019456__r2,R25-264-32,images/R25-264-32_x023552_y019456.png,context/R25-264-32_x023552_y019456.jpg,253.6,760.8,341 341 341 341,R25-264-32_x023552_y019456
235,R26-122-17_HE_101_x024064_y018432,R26-122-17_HE_101,images/R26-122-17_HE_101_x024064_y018432.png,context/R26-122-17_HE_101_x024064_y018432.jpg,253.6,760.8,341 341 341 341,
236,R25-264-1_x011776_y021504,R25-264-1,images/R25-264-1_x011776_y021504.png,context/R25-264-1_x011776_y021504.jpg,253.6,760.8,341 341 341 341,
237,R25-264-1_x032256_y022528__r2,R25-264-1,images/R25-264-1_x032256_y022528.png,context/R25-264-1_x032256_y022528.jpg,253.6,760.8,341 341 341 341,R25-264-1_x032256_y022528
238,R25-264-12_x027136_y014336__r2,R25-264-12,images/R25-264-12_x027136_y014336.png,context/R25-264-12_x027136_y014336.jpg,253.6,760.8,341 341 341 341,R25-264-12_x027136_y014336
239,R25-264-34_x014848_y010752__r2,R25-264-34,images/R25-264-34_x014848_y010752.png,context/R25-264-34_x014848_y010752.jpg,253.6,760.8,341 341 341 341,R25-264-34_x014848_y010752
240,R25-264-32_x017920_y019968,R25-264-32,images/R25-264-32_x017920_y019968.png,context/R25-264-32_x017920_y019968.jpg,253.6,760.8,341 341 341 341,
241,R25-264-11_x009728_y010752,R25-264-11,images/R25-264-11_x009728_y010752.png,context/R25-264-11_x009728_y010752.jpg,253.6,760.8,341 341 341 341,
242,R25-264-1_x016384_y020480,R25-264-1,images/R25-264-1_x016384_y020480.png,context/R25-264-1_x016384_y020480.jpg,253.6,760.8,341 341 341 341,
243,R25-264-11_x039424_y011264,R25-264-11,images/R25-264-11_x039424_y011264.png,context/R25-264-11_x039424_y011264.jpg,253.6,760.8,341 341 341 341,
244,R25-264-34_x037376_y010752,R25-264-34,images/R25-264-34_x037376_y010752.png,context/R25-264-34_x037376_y010752.jpg,253.6,760.8,341 341 341 341,
245,R25-264-37_x020480_y008704,R25-264-37,images/R25-264-37_x020480_y008704.png,context/R25-264-37_x020480_y008704.jpg,253.6,760.8,341 341 341 341,
246,R26-122-17_HE_101_x009728_y016896,R26-122-17_HE_101,images/R26-122-17_HE_101_x009728_y016896.png,context/R26-122-17_HE_101_x009728_y016896.jpg,253.6,760.8,341 341 341 341,
247,R25-264-37_x019456_y008192__r2,R25-264-37,images/R25-264-37_x019456_y008192.png,context/R25-264-37_x019456_y008192.jpg,253.6,760.8,341 341 341 341,R25-264-37_x019456_y008192
248,R26-122-17_HE_101_x023040_y018432,R26-122-17_HE_101,images/R26-122-17_HE_101_x023040_y018432.png,context/R26-122-17_HE_101_x023040_y018432.jpg,253.6,760.8,341 341 341 341,
249,R25-264-1_x019968_y020480,R25-264-1,images/R25-264-1_x019968_y020480.png,context/R25-264-1_x019968_y020480.jpg,253.6,760.8,341 341 341 341,
250,R26-122-10_HE_79_x014336_y009728,R26-122-10_HE_79,images/R26-122-10_HE_79_x014336_y009728.png,context/R26-122-10_HE_79_x014336_y009728.jpg,253.6,760.8,341 341 341 341,
251,R26-122-23_HE_91_x010752_y013824,R26-122-23_HE_91,images/R26-122-23_HE_91_x010752_y013824.png,context/R26-122-23_HE_91_x010752_y013824.jpg,253.6,760.8,341 341 341 341,
252,R25-264-37_x015360_y009216,R25-264-37,images/R25-264-37_x015360_y009216.png,context/R25-264-37_x015360_y009216.jpg,253.6,760.8,341 341 341 341,
253,R25-264-37_x025600_y008704,R25-264-37,images/R25-264-37_x025600_y008704.png,context/R25-264-37_x025600_y008704.jpg,253.6,760.8,341 341 341 341,
254,R25-264-1_x028672_y022016,R25-264-1,images/R25-264-1_x028672_y022016.png,context/R25-264-1_x028672_y022016.jpg,253.6,760.8,341 341 341 341,
255,R25-264-12_x045568_y014336,R25-264-12,images/R25-264-12_x045568_y014336.png,context/R25-264-12_x045568_y014336.jpg,253.6,760.8,341 341 341 341,
256,R25-264-32_x015872_y019968,R25-264-32,images/R25-264-32_x015872_y019968.png,context/R25-264-32_x015872_y019968.jpg,253.6,760.8,341 341 341 341,
257,R25-264-37_x032768_y007680__r2,R25-264-37,images/R25-264-37_x032768_y007680.png,context/R25-264-37_x032768_y007680.jpg,253.6,760.8,341 341 341 341,R25-264-37_x032768_y007680
258,R26-122-2_HE_71_x012288_y011776,R26-122-2_HE_71,images/R26-122-2_HE_71_x012288_y011776.png,context/R26-122-2_HE_71_x012288_y011776.jpg,253.6,760.8,341 341 341 341,
259,R26-122-2_HE_71_x011264_y010752,R26-122-2_HE_71,images/R26-122-2_HE_71_x011264_y010752.png,context/R26-122-2_HE_71_x011264_y010752.jpg,253.6,760.8,341 341 341 341,
260,R25-264-11_x019968_y010752__r2,R25-264-11,images/R25-264-11_x019968_y010752.png,context/R25-264-11_x019968_y010752.jpg,253.6,760.8,341 341 341 341,R25-264-11_x019968_y010752
261,R25-264-1_x029184_y020480,R25-264-1,images/R25-264-1_x029184_y020480.png,context/R25-264-1_x029184_y020480.jpg,253.6,760.8,341 341 341 341,
262,R25-264-34_x038400_y010240,R25-264-34,images/R25-264-34_x038400_y010240.png,context/R25-264-34_x038400_y010240.jpg,253.6,760.8,341 341 341 341,
263,R26-122-2_HE_71_x015872_y010240,R26-122-2_HE_71,images/R26-122-2_HE_71_x015872_y010240.png,context/R26-122-2_HE_71_x015872_y010240.jpg,253.6,760.8,341 341 341 341,
264,R25-264-37_x035840_y007168__r2,R25-264-37,images/R25-264-37_x035840_y007168.png,context/R25-264-37_x035840_y007168.jpg,253.6,760.8,341 341 341 341,R25-264-37_x035840_y007168
265,R25-264-33_x022016_y019456__r2,R25-264-33,images/R25-264-33_x022016_y019456.png,context/R25-264-33_x022016_y019456.jpg,253.6,760.8,341 341 341 341,R25-264-33_x022016_y019456
266,R26-122-36_HE_95_x009216_y014336,R26-122-36_HE_95,images/R26-122-36_HE_95_x009216_y014336.png,context/R26-122-36_HE_95_x009216_y014336.jpg,253.6,760.8,341 341 341 341,
267,R25-264-13_x003072_y018944,R25-264-13,images/R25-264-13_x003072_y018944.png,context/R25-264-13_x003072_y018944.jpg,253.6,760.8,341 341 341 341,
268,R26-122-23_HE_91_x028160_y014336__r2,R26-122-23_HE_91,images/R26-122-23_HE_91_x028160_y014336.png,context/R26-122-23_HE_91_x028160_y014336.jpg,253.6,760.8,341 341 341 341,R26-122-23_HE_91_x028160_y014336
269,R25-264-11_x027648_y011264__r2,R25-264-11,images/R25-264-11_x027648_y011264.png,context/R25-264-11_x027648_y011264.jpg,253.6,760.8,341 341 341 341,R25-264-11_x027648_y011264
270,R26-122-17_HE_101_x015872_y019968,R26-122-17_HE_101,images/R26-122-17_HE_101_x015872_y019968.png,context/R26-122-17_HE_101_x015872_y019968.jpg,253.6,760.8,341 341 341 341,
271,R25-264-33_x029696_y017920__r2,R25-264-33,images/R25-264-33_x029696_y017920.png,context/R25-264-33_x029696_y017920.jpg,253.6,760.8,341 341 341 341,R25-264-33_x029696_y017920
272,R25-264-13_x048640_y018432__r2,R25-264-13,images/R25-264-13_x048640_y018432.png,context/R25-264-13_x048640_y018432.jpg,253.6,760.8,341 341 341 341,R25-264-13_x048640_y018432
273,R25-264-34_x027648_y010240,R25-264-34,images/R25-264-34_x027648_y010240.png,context/R25-264-34_x027648_y010240.jpg,253.6,760.8,341 341 341 341,
274,R25-264-33_x011776_y019968,R25-264-33,images/R25-264-33_x011776_y019968.png,context/R25-264-33_x011776_y019968.jpg,253.6,760.8,341 341 341 341,
275,R25-264-34_x033280_y010240__r2,R25-264-34,images/R25-264-34_x033280_y010240.png,context/R25-264-34_x033280_y010240.jpg,253.6,760.8,341 341 341 341,R25-264-34_x033280_y010240
276,R26-122-23_HE_91_x029184_y015360,R26-122-23_HE_91,images/R26-122-23_HE_91_x029184_y015360.png,context/R26-122-23_HE_91_x029184_y015360.jpg,253.6,760.8,341 341 341 341,
277,R25-264-34_x029696_y009728,R25-264-34,images/R25-264-34_x029696_y009728.png,context/R25-264-34_x029696_y009728.jpg,253.6,760.8,341 341 341 341,
278,R25-264-12_x024064_y014336__r2,R25-264-12,images/R25-264-12_x024064_y014336.png,context/R25-264-12_x024064_y014336.jpg,253.6,760.8,341 341 341 341,R25-264-12_x024064_y014336
279,R25-264-37_x031232_y009216,R25-264-37,images/R25-264-37_x031232_y009216.png,context/R25-264-37_x031232_y009216.jpg,253.6,760.8,341 341 341 341,
280,R25-264-11_x023552_y011264,R25-264-11,images/R25-264-11_x023552_y011264.png,context/R25-264-11_x023552_y011264.jpg,253.6,760.8,341 341 341 341,
281,R26-122-2_HE_71_x020480_y011264,R26-122-2_HE_71,images/R26-122-2_HE_71_x020480_y011264.png,context/R26-122-2_HE_71_x020480_y011264.jpg,253.6,760.8,341 341 341 341,
282,R25-264-33_x010752_y018432,R25-264-33,images/R25-264-33_x010752_y018432.png,context/R25-264-33_x010752_y018432.jpg,253.6,760.8,341 341 341 341,
283,R25-264-12_x025088_y014848,R25-264-12,images/R25-264-12_x025088_y014848.png,context/R25-264-12_x025088_y014848.jpg,253.6,760.8,341 341 341 341,
284,R25-264-13_x046080_y018432,R25-264-13,images/R25-264-13_x046080_y018432.png,context/R25-264-13_x046080_y018432.jpg,253.6,760.8,341 341 341 341,
285,R25-264-1_x015360_y021504,R25-264-1,images/R25-264-1_x015360_y021504.png,context/R25-264-1_x015360_y021504.jpg,253.6,760.8,341 341 341 341,
286,R25-264-31_x005632_y015872__r2,R25-264-31,images/R25-264-31_x005632_y015872.png,context/R25-264-31_x005632_y015872.jpg,253.6,760.8,341 341 341 341,R25-264-31_x005632_y015872
287,R25-264-31_x015360_y016384__r2,R25-264-31,images/R25-264-31_x015360_y016384.png,context/R25-264-31_x015360_y016384.jpg,253.6,760.8,341 341 341 341,R25-264-31_x015360_y016384
288,R25-264-34_x026624_y009728,R25-264-34,images/R25-264-34_x026624_y009728.png,context/R25-264-34_x026624_y009728.jpg,253.6,760.8,341 341 341 341,
289,R26-122-23_HE_91_x016384_y013824__r2,R26-122-23_HE_91,images/R26-122-23_HE_91_x016384_y013824.png,context/R26-122-23_HE_91_x016384_y013824.jpg,253.6,760.8,341 341 341 341,R26-122-23_HE_91_x016384_y013824
290,R25-264-34_x032256_y010752__r2,R25-264-34,images/R25-264-34_x032256_y010752.png,context/R25-264-34_x032256_y010752.jpg,253.6,760.8,341 341 341 341,R25-264-34_x032256_y010752
291,R25-264-1_x008192_y020992,R25-264-1,images/R25-264-1_x008192_y020992.png,context/R25-264-1_x008192_y020992.jpg,253.6,760.8,341 341 341 341,
292,R26-122-23_HE_91_x014848_y014848,R26-122-23_HE_91,images/R26-122-23_HE_91_x014848_y014848.png,context/R26-122-23_HE_91_x014848_y014848.jpg,253.6,760.8,341 341 341 341,
293,R25-264-32_x034304_y019456,R25-264-32,images/R25-264-32_x034304_y019456.png,context/R25-264-32_x034304_y019456.jpg,253.6,760.8,341 341 341 341,
294,R25-264-13_x029696_y018944__r2,R25-264-13,images/R25-264-13_x029696_y018944.png,context/R25-264-13_x029696_y018944.jpg,253.6,760.8,341 341 341 341,R25-264-13_x029696_y018944
295,R25-264-33_x009216_y018432__r2,R25-264-33,images/R25-264-33_x009216_y018432.png,context/R25-264-33_x009216_y018432.jpg,253.6,760.8,341 341 341 341,R25-264-33_x009216_y018432
296,R26-122-23_HE_91_x010752_y015872__r2,R26-122-23_HE_91,images/R26-122-23_HE_91_x010752_y015872.png,context/R26-122-23_HE_91_x010752_y015872.jpg,253.6,760.8,341 341 341 341,R26-122-23_HE_91_x010752_y015872
297,R25-264-13_x020480_y018432,R25-264-13,images/R25-264-13_x020480_y018432.png,context/R25-264-13_x020480_y018432.jpg,253.6,760.8,341 341 341 341,
298,R25-264-37_x015360_y008192,R25-264-37,images/R25-264-37_x015360_y008192.png,context/R25-264-37_x015360_y008192.jpg,253.6,760.8,341 341 341 341,
299,R25-264-34_x035328_y010240__r2,R25-264-34,images/R25-264-34_x035328_y010240.png,context/R25-264-34_x035328_y010240.jpg,253.6,760.8,341 341 341 341,R25-264-34_x035328_y010240
300,R25-264-31_x010240_y015872__r2,R25-264-31,images/R25-264-31_x010240_y015872.png,context/R25-264-31_x010240_y015872.jpg,253.6,760.8,341 341 341 341,R25-264-31_x010240_y015872
