tile_id,slide,cohort,diet,batch,split,band,score,score_pct,n_scored_cells,x,y,size,tissue_fraction,dup_of,order
R25-264-32_x011264_y019456,R25-264-32,MASH,unknown,2025-08-25HE,test,high,5.0626,95.28,3,11264,19456,512,1.0,,1
R25-264-34_x015872_y010752,R25-264-34,MASH,unknown,2025-08-25HE,train,high,3.555,90.36,2,15872,10752,512,1.0,,2
R25-264-12_x030720_y014336,R25-264-12,MASH,unknown,2025-08-25HE,test,low,-1.3531,20.54,2,30720,14336,512,1.0,,3
R26-122-36_HE_95_x024064_y012800,R26-122-36_HE_95,CCl4,unknown,2026-04-20_CCl4_HE,train,upper,5.4581,75.64,26,24064,12800,512,1.0,,4
R25-264-32_x042496_y019456,R25-264-32,MASH,unknown,2025-08-25HE,test,mid,1.2787,47.24,1,42496,19456,512,1.0,,5
R25-264-11_x027648_y011264,R25-264-11,MASH,unknown,2025-08-25HE,train,upper,4.2418,81.6,1,27648,11264,512,1.0,,6
R25-264-13_x044544_y018432,R25-264-13,MASH,unknown,2025-08-25HE,train,high,4.6236,96.23,2,44544,18432,512,1.0,,7
R25-264-34_x015872_y009728,R25-264-34,MASH,unknown,2025-08-25HE,train,high,4.1021,94.58,2,15872,9728,512,1.0,,8
R25-264-12_x019456_y014336,R25-264-12,MASH,unknown,2025-08-25HE,test,high,4.7278,96.43,3,19456,14336,512,1.0,,9
R25-264-33_x023040_y018432,R25-264-33,MASH,unknown,2025-08-25HE,train,high,6.5161,97.53,5,23040,18432,512,1.0,,10
R25-264-12_x040960_y014336,R25-264-12,MASH,unknown,2025-08-25HE,test,anchor,,0.0,0,40960,14336,512,1.0,,11
R25-264-32_x021504_y019968,R25-264-32,MASH,unknown,2025-08-25HE,test,high,4.715,92.91,3,21504,19968,512,1.0,,12
R25-264-1_x032256_y022528,R25-264-1,MASH,unknown,2025-08-25HE,train,upper,2.9069,89.43,7,32256,22528,512,1.0,,13
R25-264-31_x028160_y015360,R25-264-31,MASH,unknown,2025-08-25HE,test,high,5.0724,92.16,1,28160,15360,512,1.0,,14
R25-264-33_x021504_y017408,R25-264-33,MASH,unknown,2025-08-25HE,train,low,1.0763,20.37,2,21504,17408,512,1.0,,15
R25-264-13_x035840_y018432,R25-264-13,MASH,unknown,2025-08-25HE,train,upper,3.1031,80.5,1,35840,18432,512,1.0,,16
R25-264-37_x017408_y008192,R25-264-37,MASH,unknown,2025-08-25HE,train,upper,4.9951,82.81,7,17408,8192,512,1.0,,17
R26-122-2_HE_71_x009216_y013312,R26-122-2_HE_71,CCl4,unknown,2026-04-20_CCl4_HE,train,anchor,9.6814,99.64,22,9216,13312,512,1.0,,18
R25-264-12_x039424_y014848,R25-264-12,MASH,unknown,2025-08-25HE,test,high,4.6137,95.54,2,39424,14848,512,1.0,,19
R25-264-12_x015872_y015360,R25-264-12,MASH,unknown,2025-08-25HE,test,high,4.4679,94.64,1,15872,15360,512,1.0,,20
R25-264-33_x020480_y018944,R25-264-33,MASH,unknown,2025-08-25HE,train,upper,3.9423,75.31,5,20480,18944,512,1.0,,21
R26-122-36_HE_95_x004096_y012288,R26-122-36_HE_95,CCl4,unknown,2026-04-20_CCl4_HE,train,upper,6.0805,85.09,24,4096,12288,512,1.0,,22
R25-264-1_x016384_y021504,R25-264-1,MASH,unknown,2025-08-25HE,train,high,3.2202,91.87,4,16384,21504,512,1.0,,23
R25-264-13_x018944_y019456,R25-264-13,MASH,unknown,2025-08-25HE,train,anchor,-1.214,12.58,1,18944,19456,512,1.0,,24
R26-122-10_HE_79_x023040_y008704,R26-122-10_HE_79,CCl4,unknown,2026-04-20_CCl4_HE,train,mid,4.8576,68.03,17,23040,8704,512,1.0,,25
R25-264-12_x021504_y015360,R25-264-12,MASH,unknown,2025-08-25HE,test,low,,0.0,0,21504,15360,512,1.0,,26
R25-264-13_x017408_y018432,R25-264-13,MASH,unknown,2025-08-25HE,train,upper,3.1067,81.13,1,17408,18432,512,1.0,,27
R26-122-2_HE_71_x007168_y012800,R26-122-2_HE_71,CCl4,unknown,2026-04-20_CCl4_HE,train,upper,6.8449,88.97,37,7168,12800,512,1.0,,28
R25-264-1_x027648_y020992,R25-264-1,MASH,unknown,2025-08-25HE,train,anchor,-1.5201,21.54,1,27648,20992,512,1.0,,29
R25-264-31_x024064_y016896,R25-264-31,MASH,unknown,2025-08-25HE,test,mid,2.8383,61.44,2,24064,16896,512,0.9109,,30
R25-264-13_x032768_y018432,R25-264-13,MASH,unknown,2025-08-25HE,train,high,4.3833,94.97,2,32768,18432,512,1.0,,31
R25-264-31_x022016_y015872,R25-264-31,MASH,unknown,2025-08-25HE,test,high,5.0624,91.5,3,22016,15872,512,1.0,,32
R25-264-11_x038400_y010752,R25-264-11,MASH,unknown,2025-08-25HE,train,upper,4.6067,85.89,5,38400,10752,512,1.0,,33
R25-264-11_x013312_y010240,R25-264-11,MASH,unknown,2025-08-25HE,train,high,5.2257,90.18,5,13312,10240,512,1.0,,34
R25-264-33_x017408_y019456,R25-264-33,MASH,unknown,2025-08-25HE,train,upper,3.9195,74.69,6,17408,19456,512,1.0,,35
R25-264-12_x007680_y014848,R25-264-12,MASH,unknown,2025-08-25HE,test,mid,1.2574,67.86,1,7680,14848,512,1.0,,36
R25-264-13_x037376_y018944,R25-264-13,MASH,unknown,2025-08-25HE,train,anchor,2.3727,66.04,2,37376,18944,512,1.0,,37
R26-122-17_HE_101_x024576_y016896,R26-122-17_HE_101,CCl4,unknown,2026-04-20_CCl4_HE,train,upper,6.0445,75.0,27,24576,16896,512,0.933,,38
R26-122-23_HE_91_x025600_y014336,R26-122-23_HE_91,CCl4,unknown,2026-04-20_CCl4_HE,train,anchor,3.4573,8.93,22,25600,14336,512,1.0,,39
R25-264-13_x024064_y018432,R25-264-13,MASH,unknown,2025-08-25HE,train,upper,3.6607,89.31,2,24064,18432,512,1.0,,40
R25-264-11_x009216_y011776,R25-264-11,MASH,unknown,2025-08-25HE,train,anchor,0.18,22.09,1,9216,11776,512,1.0,,41
R25-264-31_x015360_y016384,R25-264-31,MASH,unknown,2025-08-25HE,test,mid,2.2871,52.29,1,15360,16384,512,1.0,,42
R25-264-37_x019456_y008192,R25-264-37,MASH,unknown,2025-08-25HE,train,anchor,0.7303,14.58,2,19456,8192,512,1.0,,43
R25-264-37_x016896_y009216,R25-264-37,MASH,unknown,2025-08-25HE,train,high,6.3619,95.83,5,16896,9216,512,1.0,,44
R25-264-12_x027136_y014336,R25-264-12,MASH,unknown,2025-08-25HE,test,anchor,,0.0,0,27136,14336,512,1.0,,45
R25-264-11_x017408_y010752,R25-264-11,MASH,unknown,2025-08-25HE,train,low,-1.0245,9.2,1,17408,10752,512,1.0,,46
R25-264-32_x007680_y019456,R25-264-32,MASH,unknown,2025-08-25HE,test,upper,3.5728,85.83,4,7680,19456,512,1.0,,47
R25-264-12_x020480_y014336,R25-264-12,MASH,unknown,2025-08-25HE,test,upper,1.6094,73.21,1,20480,14336,512,1.0,,48
R25-264-32_x045568_y019456,R25-264-32,MASH,unknown,2025-08-25HE,test,upper,3.4751,84.25,4,45568,19456,512,1.0,,49
R25-264-12_x034304_y014336,R25-264-12,MASH,unknown,2025-08-25HE,test,upper,1.8242,75.0,1,34304,14336,512,1.0,,50
R25-264-33_x028672_y017920,R25-264-33,MASH,unknown,2025-08-25HE,train,mid,2.1095,39.51,7,28672,17920,512,1.0,,51
R25-264-31_x025088_y016384,R25-264-31,MASH,unknown,2025-08-25HE,test,high,6.1931,97.39,3,25088,16384,512,0.8613,,52
R25-264-33_x013824_y018944,R25-264-33,MASH,unknown,2025-08-25HE,train,mid,1.7393,30.86,2,13824,18944,512,1.0,,53
R25-264-31_x006656_y016384,R25-264-31,MASH,unknown,2025-08-25HE,test,anchor,3.7536,76.47,4,6656,16384,512,1.0,,54
R25-264-33_x009216_y018432,R25-264-33,MASH,unknown,2025-08-25HE,train,high,5.3757,91.98,6,9216,18432,512,1.0,,55
R25-264-33_x016896_y018432,R25-264-33,MASH,unknown,2025-08-25HE,train,anchor,3.6269,70.99,3,16896,18432,512,1.0,,56
R25-264-32_x028160_y018944,R25-264-32,MASH,unknown,2025-08-25HE,test,high,4.0602,91.34,4,28160,18944,512,1.0,,57
R25-264-32_x033280_y019968,R25-264-32,MASH,unknown,2025-08-25HE,test,anchor,-1.2292,15.75,1,33280,19968,512,1.0,,58
R25-264-11_x015872_y010752,R25-264-11,MASH,unknown,2025-08-25HE,train,mid,2.6085,54.6,1,15872,10752,512,1.0,,59
R26-122-36_HE_95_x005120_y011776,R26-122-36_HE_95,CCl4,unknown,2026-04-20_CCl4_HE,train,high,6.6869,90.91,31,5120,11776,512,1.0,,60
R25-264-34_x007168_y010240,R25-264-34,MASH,unknown,2025-08-25HE,train,upper,2.7274,78.31,3,7168,10240,512,0.9936,,61
R25-264-33_x018944_y019968,R25-264-33,MASH,unknown,2025-08-25HE,train,anchor,2.1823,41.36,5,18944,19968,512,1.0,,62
R25-264-12_x037376_y014336,R25-264-12,MASH,unknown,2025-08-25HE,test,anchor,-1.6086,16.96,1,37376,14336,512,1.0,,63
R25-264-32_x030208_y019456,R25-264-32,MASH,unknown,2025-08-25HE,test,low,,0.0,0,30208,19456,512,1.0,,64
R26-122-10_HE_79_x016896_y009728,R26-122-10_HE_79,CCl4,unknown,2026-04-20_CCl4_HE,train,anchor,5.7283,80.95,19,16896,9728,512,1.0,,65
R25-264-33_x015360_y017920,R25-264-33,MASH,unknown,2025-08-25HE,train,anchor,5.4167,93.83,5,15360,17920,512,1.0,,66
R26-122-10_HE_79_x011264_y009728,R26-122-10_HE_79,CCl4,unknown,2026-04-20_CCl4_HE,train,upper,5.6947,80.61,15,11264,9728,512,1.0,,67
R25-264-11_x039936_y009728,R25-264-11,MASH,unknown,2025-08-25HE,train,mid,1.3091,34.97,2,39936,9728,512,1.0,,68
R26-122-23_HE_91_x028160_y014336,R26-122-23_HE_91,CCl4,unknown,2026-04-20_CCl4_HE,train,mid,5.9807,67.7,24,28160,14336,512,1.0,,69
R25-264-34_x009216_y010240,R25-264-34,MASH,unknown,2025-08-25HE,train,mid,1.7757,60.84,1,9216,10240,512,1.0,,70
R25-264-33_x022016_y019456,R25-264-33,MASH,unknown,2025-08-25HE,train,high,5.1335,90.74,2,22016,19456,512,1.0,,71
R25-264-1_x020992_y022016,R25-264-1,MASH,unknown,2025-08-25HE,train,low,-3.9084,5.28,1,20992,22016,512,1.0,,72
R25-264-31_x027136_y016896,R25-264-31,MASH,unknown,2025-08-25HE,test,upper,3.5655,73.86,2,27136,16896,512,1.0,,73
R25-264-13_x042496_y018432,R25-264-13,MASH,unknown,2025-08-25HE,train,high,5.3028,98.74,2,42496,18432,512,1.0,,74
R25-264-34_x014336_y009728,R25-264-34,MASH,unknown,2025-08-25HE,train,mid,0.8937,35.54,3,14336,9728,512,1.0,,75
R25-264-34_x019968_y010240,R25-264-34,MASH,unknown,2025-08-25HE,train,anchor,-0.3915,16.27,1,19968,10240,512,1.0,,76
R25-264-13_x025600_y019456,R25-264-13,MASH,unknown,2025-08-25HE,train,mid,0.8096,39.62,1,25600,19456,512,1.0,,77
R25-264-32_x029184_y019456,R25-264-32,MASH,unknown,2025-08-25HE,test,anchor,3.3643,82.68,2,29184,19456,512,1.0,,78
R25-264-12_x019456_y015360,R25-264-12,MASH,unknown,2025-08-25HE,test,mid,0.9087,56.25,1,19456,15360,512,1.0,,79
R26-122-23_HE_91_x016384_y015872,R26-122-23_HE_91,CCl4,unknown,2026-04-20_CCl4_HE,train,high,7.7474,92.1,21,16384,15872,512,1.0,,80
R26-122-36_HE_95_x026624_y013312,R26-122-36_HE_95,CCl4,unknown,2026-04-20_CCl4_HE,train,anchor,4.6085,50.91,24,26624,13312,512,1.0,,81
R26-122-23_HE_91_x010752_y015872,R26-122-23_HE_91,CCl4,unknown,2026-04-20_CCl4_HE,train,low,3.612,11.68,19,10752,15872,512,1.0,,82
R25-264-11_x004608_y010752,R25-264-11,MASH,unknown,2025-08-25HE,train,upper,5.209,89.57,2,4608,10752,512,1.0,,83
R25-264-37_x036864_y008704,R25-264-37,MASH,unknown,2025-08-25HE,train,mid,2.5575,42.71,7,36864,8704,512,0.8742,,84
R25-264-33_x031232_y017920,R25-264-33,MASH,unknown,2025-08-25HE,train,upper,4.0197,76.54,2,31232,17920,512,1.0,,85
R25-264-32_x023552_y019456,R25-264-32,MASH,unknown,2025-08-25HE,test,high,5.7022,96.06,3,23552,19456,512,1.0,,86
R25-264-37_x032768_y007680,R25-264-37,MASH,unknown,2025-08-25HE,train,upper,4.8418,82.29,5,32768,7680,512,1.0,,87
R25-264-12_x043008_y014336,R25-264-12,MASH,unknown,2025-08-25HE,test,mid,0.9216,58.04,1,43008,14336,512,1.0,,88
R25-264-33_x027648_y017920,R25-264-33,MASH,unknown,2025-08-25HE,train,high,5.0873,90.12,5,27648,17920,512,1.0,,89
R25-264-12_x026112_y015360,R25-264-12,MASH,unknown,2025-08-25HE,test,anchor,-2.2077,13.39,1,26112,15360,512,1.0,,90
R25-264-33_x029696_y017920,R25-264-33,MASH,unknown,2025-08-25HE,train,high,7.0689,98.15,4,29696,17920,512,1.0,,91
R25-264-13_x027648_y018944,R25-264-13,MASH,unknown,2025-08-25HE,train,upper,3.5921,88.68,4,27648,18944,512,1.0,,92
R25-264-34_x013312_y010240,R25-264-34,MASH,unknown,2025-08-25HE,train,anchor,1.1204,43.98,3,13312,10240,512,1.0,,93
R26-122-2_HE_71_x010240_y010240,R26-122-2_HE_71,CCl4,unknown,2026-04-20_CCl4_HE,train,anchor,4.174,26.33,25,10240,10240,512,1.0,,94
R25-264-1_x005632_y022528,R25-264-1,MASH,unknown,2025-08-25HE,train,upper,1.8301,73.58,6,5632,22528,512,1.0,,95
R25-264-12_x017408_y014848,R25-264-12,MASH,unknown,2025-08-25HE,test,low,,0.0,0,17408,14848,512,1.0,,96
R25-264-32_x018944_y019968,R25-264-32,MASH,unknown,2025-08-25HE,test,upper,3.7169,88.19,3,18944,19968,512,1.0,,97
R25-264-11_x021504_y010240,R25-264-11,MASH,unknown,2025-08-25HE,train,high,6.3964,95.09,2,21504,10240,512,0.9082,,98
R26-122-10_HE_79_x003072_y010752,R26-122-10_HE_79,CCl4,unknown,2026-04-20_CCl4_HE,train,mid,4.3292,53.4,24,3072,10752,512,1.0,,99
R25-264-31_x033792_y015360,R25-264-31,MASH,unknown,2025-08-25HE,test,anchor,3.9355,79.74,3,33792,15360,512,1.0,,100
R25-264-31_x009216_y015872,R25-264-31,MASH,unknown,2025-08-25HE,test,upper,4.3413,83.66,2,9216,15872,512,1.0,,101
R25-264-31_x011776_y016384,R25-264-31,MASH,unknown,2025-08-25HE,test,low,-0.0247,13.73,1,11776,16384,512,1.0,,102
R25-264-12_x013824_y014848,R25-264-12,MASH,unknown,2025-08-25HE,test,anchor,1.4157,70.54,1,13824,14848,512,1.0,,103
R25-264-37_x035840_y007168,R25-264-37,MASH,unknown,2025-08-25HE,train,low,1.5823,24.48,6,35840,7168,512,1.0,,104
R25-264-1_x025088_y023040,R25-264-1,MASH,unknown,2025-08-25HE,train,anchor,-3.3473,6.5,1,25088,23040,512,1.0,,105
R25-264-12_x008704_y015360,R25-264-12,MASH,unknown,2025-08-25HE,test,mid,1.1404,65.18,2,8704,15360,512,1.0,,106
R25-264-31_x017408_y015872,R25-264-31,MASH,unknown,2025-08-25HE,test,anchor,,0.0,0,17408,15872,512,1.0,,107
R25-264-11_x008704_y010752,R25-264-11,MASH,unknown,2025-08-25HE,train,anchor,,0.0,0,8704,10752,512,1.0,,108
R25-264-34_x014848_y010752,R25-264-34,MASH,unknown,2025-08-25HE,train,anchor,0.5479,31.93,2,14848,10752,512,1.0,,109
R26-122-36_HE_95_x027136_y011264,R26-122-36_HE_95,CCl4,unknown,2026-04-20_CCl4_HE,train,high,7.5886,96.73,17,27136,11264,512,1.0,,110
R25-264-11_x003584_y011264,R25-264-11,MASH,unknown,2025-08-25HE,train,low,,0.0,0,3584,11264,512,1.0,,111
R25-264-13_x014336_y019456,R25-264-13,MASH,unknown,2025-08-25HE,train,upper,3.5319,87.42,6,14336,19456,512,1.0,,112
R25-264-13_x048640_y018432,R25-264-13,MASH,unknown,2025-08-25HE,train,anchor,0.1877,30.19,2,48640,18432,512,1.0,,113
R25-264-31_x005632_y015872,R25-264-31,MASH,unknown,2025-08-25HE,test,mid,1.2252,30.72,3,5632,15872,512,1.0,,114
R25-264-33_x019456_y018944,R25-264-33,MASH,unknown,2025-08-25HE,train,anchor,4.5262,83.33,1,19456,18944,512,1.0,,115
R25-264-33_x026112_y017920,R25-264-33,MASH,unknown,2025-08-25HE,train,mid,2.108,38.89,1,26112,17920,512,0.9486,,116
R25-264-13_x025600_y018432,R25-264-13,MASH,unknown,2025-08-25HE,train,anchor,2.6741,71.07,2,25600,18432,512,1.0,,117
R25-264-33_x012288_y017920,R25-264-33,MASH,unknown,2025-08-25HE,train,low,,0.0,0,12288,17920,512,1.0,,118
R25-264-31_x010240_y015872,R25-264-31,MASH,unknown,2025-08-25HE,test,upper,3.2981,70.59,2,10240,15872,512,1.0,,119
R25-264-34_x033280_y010240,R25-264-34,MASH,unknown,2025-08-25HE,train,anchor,3.0282,84.34,5,33280,10240,512,1.0,,120
R26-122-17_HE_101_x016896_y019456,R26-122-17_HE_101,CCl4,unknown,2026-04-20_CCl4_HE,train,high,7.8047,93.12,20,16896,19456,512,1.0,,121
R25-264-32_x009728_y019456,R25-264-32,MASH,unknown,2025-08-25HE,test,low,,0.0,0,9728,19456,512,1.0,,122
R25-264-1_x030208_y020992,R25-264-1,MASH,unknown,2025-08-25HE,train,anchor,0.0661,42.68,6,30208,20992,512,1.0,,123
R25-264-11_x019968_y010752,R25-264-11,MASH,unknown,2025-08-25HE,train,high,7.3118,96.93,6,19968,10752,512,1.0,,124
R25-264-1_x024576_y020480,R25-264-1,MASH,unknown,2025-08-25HE,train,anchor,1.2405,65.45,4,24576,20480,512,1.0,,125
R25-264-13_x029696_y018944,R25-264-13,MASH,unknown,2025-08-25HE,train,low,-0.632,18.87,3,29696,18944,512,1.0,,126
R25-264-13_x010752_y018944,R25-264-13,MASH,unknown,2025-08-25HE,train,low,,0.0,0,10752,18944,512,1.0,,127
R25-264-1_x018432_y020992,R25-264-1,MASH,unknown,2025-08-25HE,train,high,5.5133,98.78,3,18432,20992,512,1.0,,128
R25-264-12_x024064_y014336,R25-264-12,MASH,unknown,2025-08-25HE,test,low,,0.0,0,24064,14336,512,1.0,,129
R25-264-13_x034816_y018944,R25-264-13,MASH,unknown,2025-08-25HE,train,low,-0.0583,24.53,4,34816,18944,512,1.0,,130
R26-122-2_HE_71_x005120_y010240,R26-122-2_HE_71,CCl4,unknown,2026-04-20_CCl4_HE,train,high,7.3537,94.31,33,5120,10240,512,1.0,,131
R25-264-11_x012800_y011264,R25-264-11,MASH,unknown,2025-08-25HE,train,low,0.6236,27.61,1,12800,11264,512,1.0,,132
R26-122-10_HE_79_x012800_y010752,R26-122-10_HE_79,CCl4,unknown,2026-04-20_CCl4_HE,train,low,2.1468,6.46,19,12800,10752,512,1.0,,133
R25-264-1_x022528_y023040,R25-264-1,MASH,unknown,2025-08-25HE,train,upper,2.3122,82.52,4,22528,23040,512,1.0,,134
R25-264-37_x023040_y008192,R25-264-37,MASH,unknown,2025-08-25HE,train,anchor,6.2403,94.79,6,23040,8192,512,1.0,,135
R26-122-23_HE_91_x016384_y013824,R26-122-23_HE_91,CCl4,unknown,2026-04-20_CCl4_HE,train,upper,6.9189,85.22,19,16384,13824,512,1.0,,136
R25-264-37_x034304_y008192,R25-264-37,MASH,unknown,2025-08-25HE,train,mid,3.269,60.42,1,34304,8192,512,1.0,,137
R25-264-31_x007680_y016384,R25-264-31,MASH,unknown,2025-08-25HE,test,low,0.2568,17.65,1,7680,16384,512,1.0,,138
R25-264-13_x004096_y018944,R25-264-13,MASH,unknown,2025-08-25HE,train,low,-1.5962,6.92,2,4096,18944,512,1.0,,139
R25-264-34_x020992_y010240,R25-264-34,MASH,unknown,2025-08-25HE,train,low,,0.0,0,20992,10240,512,1.0,,140
R26-122-17_HE_101_x012800_y019456,R26-122-17_HE_101,CCl4,unknown,2026-04-20_CCl4_HE,train,mid,5.2957,55.43,12,12800,19456,512,1.0,,141
R25-264-11_x025600_y011264,R25-264-11,MASH,unknown,2025-08-25HE,train,high,7.4576,98.16,2,25600,11264,512,1.0,,142
R25-264-34_x017920_y010240,R25-264-34,MASH,unknown,2025-08-25HE,train,upper,3.1513,85.54,2,17920,10240,512,1.0,,143
R25-264-12_x022528_y015360,R25-264-12,MASH,unknown,2025-08-25HE,test,high,4.2887,91.96,2,22528,15360,512,1.0,,144
R25-264-34_x035328_y010240,R25-264-34,MASH,unknown,2025-08-25HE,train,anchor,4.0921,93.98,1,35328,10240,512,1.0,,145
R26-122-10_HE_79_x024576_y009728,R26-122-10_HE_79,CCl4,unknown,2026-04-20_CCl4_HE,train,low,3.2361,21.77,14,24576,9728,512,1.0,,146
R26-122-23_HE_91_x017408_y013312,R26-122-23_HE_91,CCl4,unknown,2026-04-20_CCl4_HE,train,low,4.1651,19.93,18,17408,13312,512,1.0,,147
R25-264-32_x044032_y018944,R25-264-32,MASH,unknown,2025-08-25HE,test,high,6.2008,100.0,4,44032,18944,512,1.0,,148
R25-264-34_x032256_y010752,R25-264-34,MASH,unknown,2025-08-25HE,train,high,3.5783,90.96,2,32256,10752,512,1.0,,149
R25-264-31_x027136_y015872,R25-264-31,MASH,unknown,2025-08-25HE,test,high,7.4844,99.35,4,27136,15872,512,1.0,,150
R26-122-10_HE_79_x007680_y008704,R26-122-10_HE_79,CCl4,unknown,2026-04-20_CCl4_HE,train,high,7.2784,94.9,16,7680,8704,512,1.0,,151
R25-264-32_x038400_y019456,R25-264-32,MASH,unknown,2025-08-25HE,test,anchor,1.3705,48.03,1,38400,19456,512,1.0,,152
R25-264-37_x023552_y009216,R25-264-37,MASH,unknown,2025-08-25HE,train,upper,4.4363,77.08,3,23552,9216,512,1.0,,153
R25-264-12_x041984_y014336,R25-264-12,MASH,unknown,2025-08-25HE,test,upper,3.6436,89.29,1,41984,14336,512,1.0,,154
R26-122-2_HE_71_x004096_y011264,R26-122-2_HE_71,CCl4,unknown,2026-04-20_CCl4_HE,train,anchor,3.8402,19.93,28,4096,11264,512,1.0,,155
R25-264-13_x039424_y018432,R25-264-13,MASH,unknown,2025-08-25HE,train,mid,2.1571,61.64,3,39424,18432,512,1.0,,156
R25-264-1_x018432_y023040,R25-264-1,MASH,unknown,2025-08-25HE,train,high,3.8153,95.12,7,18432,23040,512,1.0,,157
R25-264-1_x029696_y022016,R25-264-1,MASH,unknown,2025-08-25HE,train,low,,0.0,0,29696,22016,512,1.0,,158
R25-264-31_x017920_y016896,R25-264-31,MASH,unknown,2025-08-25HE,test,high,5.6847,94.77,2,17920,16896,512,1.0,,159
R26-122-17_HE_101_x026112_y016896,R26-122-17_HE_101,CCl4,unknown,2026-04-20_CCl4_HE,train,upper,6.1675,78.99,22,26112,16896,512,1.0,,160
R25-264-12_x044032_y014848,R25-264-12,MASH,unknown,2025-08-25HE,test,anchor,,0.0,0,44032,14848,512,1.0,,161
R26-122-2_HE_71_x003072_y012800,R26-122-2_HE_71,CCl4,unknown,2026-04-20_CCl4_HE,train,mid,4.3065,30.6,38,3072,12800,512,1.0,,162
R25-264-11_x014848_y011264,R25-264-11,MASH,unknown,2025-08-25HE,train,low,,0.0,0,14848,11264,512,1.0,,163
R25-264-11_x014336_y010240,R25-264-11,MASH,unknown,2025-08-25HE,train,anchor,5.5757,92.64,4,14336,10240,512,1.0,,164
R25-264-34_x011776_y010240,R25-264-34,MASH,unknown,2025-08-25HE,train,upper,2.8176,81.93,2,11776,10240,512,1.0,,165
R25-264-32_x031232_y019968,R25-264-32,MASH,unknown,2025-08-25HE,test,upper,3.5927,86.61,2,31232,19968,512,1.0,,166
R25-264-31_x023040_y015872,R25-264-31,MASH,unknown,2025-08-25HE,test,low,-0.1089,13.07,2,23040,15872,512,1.0,,167
R25-264-33_x023040_y017408,R25-264-33,MASH,unknown,2025-08-25HE,train,mid,2.3508,45.06,6,23040,17408,512,1.0,,168
R25-264-13_x035840_y018432__r2,R25-264-13,MASH,unknown,2025-08-25HE,train,upper,3.1031,80.5,1,35840,18432,512,1.0,R25-264-13_x035840_y018432,169
R25-264-1_x028672_y023040,R25-264-1,MASH,unknown,2025-08-25HE,train,high,3.8086,94.72,13,28672,23040,512,1.0,,170
R25-264-31_x018944_y015872,R25-264-31,MASH,unknown,2025-08-25HE,test,anchor,5.8154,95.42,4,18944,15872,512,1.0,,171
R25-264-33_x024576_y017408,R25-264-33,MASH,unknown,2025-08-25HE,train,high,7.6875,98.77,8,24576,17408,512,0.932,,172
R25-264-37_x030208_y008192,R25-264-37,MASH,unknown,2025-08-25HE,train,anchor,1.5901,25.0,5,30208,8192,512,1.0,,173
R25-264-1_x017408_y020992,R25-264-1,MASH,unknown,2025-08-25HE,train,high,3.5132,93.9,3,17408,20992,512,1.0,,174
R26-122-17_HE_101_x011776_y018432,R26-122-17_HE_101,CCl4,unknown,2026-04-20_CCl4_HE,train,low,3.4702,9.78,6,11776,18432,512,0.9128,,175
R25-264-37_x024576_y007680,R25-264-37,MASH,unknown,2025-08-25HE,train,anchor,2.7536,50.0,7,24576,7680,512,1.0,,176
R25-264-13_x026624_y018432,R25-264-13,MASH,unknown,2025-08-25HE,train,anchor,3.1286,81.76,2,26624,18432,512,1.0,,177
R25-264-12_x006144_y015360,R25-264-12,MASH,unknown,2025-08-25HE,test,high,4.9163,98.21,3,6144,15360,512,1.0,,178
R25-264-37_x013312_y009216,R25-264-37,MASH,unknown,2025-08-25HE,train,low,0.6011,13.54,2,13312,9216,512,1.0,,179
R25-264-37_x029184_y009216,R25-264-37,MASH,unknown,2025-08-25HE,train,high,6.0334,93.23,5,29184,9216,512,1.0,,180
R25-264-32_x019968_y018944,R25-264-32,MASH,unknown,2025-08-25HE,test,mid,-0.0964,33.07,1,19968,18944,512,1.0,,181
R25-264-37_x014336_y008192,R25-264-37,MASH,unknown,2025-08-25HE,train,upper,4.8006,81.25,8,14336,8192,512,1.0,,182
R25-264-33_x023040_y019456,R25-264-33,MASH,unknown,2025-08-25HE,train,anchor,1.2832,23.46,2,23040,19456,512,1.0,,183
R25-264-33_x013824_y019968,R25-264-33,MASH,unknown,2025-08-25HE,train,upper,4.853,87.65,2,13824,19968,512,1.0,,184
R25-264-34_x015872_y010752__r2,R25-264-34,MASH,unknown,2025-08-25HE,train,high,3.555,90.36,2,15872,10752,512,1.0,R25-264-34_x015872_y010752,185
R25-264-13_x030720_y018944,R25-264-13,MASH,unknown,2025-08-25HE,train,high,5.1583,98.11,6,30720,18944,512,1.0,,186
R25-264-31_x005120_y016896,R25-264-31,MASH,unknown,2025-08-25HE,test,low,,0.0,0,5120,16896,512,1.0,,187
R25-264-13_x009216_y019456,R25-264-13,MASH,unknown,2025-08-25HE,train,high,3.9608,92.45,3,9216,19456,512,1.0,,188
R25-264-31_x031744_y015872,R25-264-31,MASH,unknown,2025-08-25HE,test,anchor,1.35,34.64,4,31744,15872,512,0.9954,,189
R25-264-34_x036352_y009728,R25-264-34,MASH,unknown,2025-08-25HE,train,upper,2.3214,72.89,2,36352,9728,512,1.0,,190
R25-264-11_x006144_y010752,R25-264-11,MASH,unknown,2025-08-25HE,train,mid,0.9897,31.29,3,6144,10752,512,1.0,,191
R25-264-31_x019968_y016384,R25-264-31,MASH,unknown,2025-08-25HE,test,high,6.1081,96.73,6,19968,16384,512,1.0,,192
R25-264-11_x021504_y011264,R25-264-11,MASH,unknown,2025-08-25HE,train,anchor,1.6904,41.1,1,21504,11264,512,1.0,,193
R26-122-23_HE_91_x027136_y013312,R26-122-23_HE_91,CCl4,unknown,2026-04-20_CCl4_HE,train,anchor,5.3264,51.55,18,27136,13312,512,1.0,,194
R25-264-11_x037376_y010752,R25-264-11,MASH,unknown,2025-08-25HE,train,high,7.2959,96.32,9,37376,10752,512,1.0,,195
R25-264-1_x018432_y022016,R25-264-1,MASH,unknown,2025-08-25HE,train,mid,1.3242,66.67,2,18432,22016,512,1.0,,196
R25-264-13_x018944_y019456__r2,R25-264-13,MASH,unknown,2025-08-25HE,train,anchor,-1.214,12.58,1,18944,19456,512,1.0,R25-264-13_x018944_y019456,197
R25-264-32_x014336_y019456,R25-264-32,MASH,unknown,2025-08-25HE,test,mid,2.6299,69.29,3,14336,19456,512,1.0,,198
R25-264-31_x004096_y015872,R25-264-31,MASH,unknown,2025-08-25HE,test,upper,3.3337,71.9,3,4096,15872,512,1.0,,199
R25-264-34_x023552_y010240,R25-264-34,MASH,unknown,2025-08-25HE,train,low,-0.3784,16.87,1,23552,10240,512,1.0,,200
R25-264-1_x008192_y023040,R25-264-1,MASH,unknown,2025-08-25HE,train,anchor,2.2419,80.89,1,8192,23040,512,1.0,,201
R26-122-10_HE_79_x025088_y008192,R26-122-10_HE_79,CCl4,unknown,2026-04-20_CCl4_HE,train,upper,5.6641,79.59,23,25088,8192,512,1.0,,202
R25-264-37_x030208_y009216,R25-264-37,MASH,unknown,2025-08-25HE,train,anchor,6.2377,94.27,9,30208,9216,512,1.0,,203
R26-122-2_HE_71_x003072_y011776,R26-122-2_HE_71,CCl4,unknown,2026-04-20_CCl4_HE,train,high,7.3363,93.59,33,3072,11776,512,1.0,,204
R26-122-10_HE_79_x012288_y008704,R26-122-10_HE_79,CCl4,unknown,2026-04-20_CCl4_HE,train,high,7.3173,95.24,18,12288,8704,512,1.0,,205
R25-264-37_x026624_y008704,R25-264-37,MASH,unknown,2025-08-25HE,train,high,5.7621,91.67,8,26624,8704,512,1.0,,206
R25-264-11_x016384_y011776,R25-264-11,MASH,unknown,2025-08-25HE,train,anchor,0.4697,25.77,1,16384,11776,512,1.0,,207
R25-264-31_x032256_y016896,R25-264-31,MASH,unknown,2025-08-25HE,test,mid,2.267,51.63,1,32256,16896,512,1.0,,208
R25-264-34_x016896_y010752,R25-264-34,MASH,unknown,2025-08-25HE,train,anchor,-0.7078,15.06,2,16896,10752,512,1.0,,209
R25-264-37_x021504_y009216,R25-264-37,MASH,unknown,2025-08-25HE,train,anchor,0.5442,11.98,2,21504,9216,512,1.0,,210
R26-122-36_HE_95_x027648_y013824,R26-122-36_HE_95,CCl4,unknown,2026-04-20_CCl4_HE,train,mid,5.1728,66.55,31,27648,13824,512,1.0,,211
R26-122-10_HE_79_x017920_y008704,R26-122-10_HE_79,CCl4,unknown,2026-04-20_CCl4_HE,train,anchor,2.105,5.44,11,17920,8704,512,1.0,,212
R26-122-23_HE_91_x011264_y014848,R26-122-23_HE_91,CCl4,unknown,2026-04-20_CCl4_HE,train,high,9.5503,99.66,28,11264,14848,512,1.0,,213
R26-122-17_HE_101_x007168_y018944,R26-122-17_HE_101,CCl4,unknown,2026-04-20_CCl4_HE,train,anchor,4.3056,24.28,28,7168,18944,512,0.8806,,214
R25-264-37_x013312_y008192,R25-264-37,MASH,unknown,2025-08-25HE,train,upper,4.6088,79.69,13,13312,8192,512,1.0,,215
R25-264-32_x026112_y019968,R25-264-32,MASH,unknown,2025-08-25HE,test,upper,3.4927,85.04,1,26112,19968,512,1.0,,216
R25-264-13_x025600_y019456__r2,R25-264-13,MASH,unknown,2025-08-25HE,train,mid,0.8096,39.62,1,25600,19456,512,1.0,R25-264-13_x025600_y019456,217
R25-264-32_x033280_y019968__r2,R25-264-32,MASH,unknown,2025-08-25HE,test,anchor,-1.2292,15.75,1,33280,19968,512,1.0,R25-264-32_x033280_y019968,218
R25-264-34_x034304_y010752,R25-264-34,MASH,unknown,2025-08-25HE,train,high,5.0909,98.19,4,34304,10752,512,1.0,,219
R26-122-36_HE_95_x019456_y014336,R26-122-36_HE_95,CCl4,unknown,2026-04-20_CCl4_HE,train,anchor,9.145,99.27,9,19456,14336,512,1.0,,220
R25-264-34_x010240_y009728,R25-264-34,MASH,unknown,2025-08-25HE,train,upper,3.4537,89.16,4,10240,9728,512,1.0,,221
R25-264-12_x031744_y014848,R25-264-12,MASH,unknown,2025-08-25HE,test,high,4.4504,93.75,2,31744,14848,512,1.0,,222
R26-122-36_HE_95_x024064_y011776,R26-122-36_HE_95,CCl4,unknown,2026-04-20_CCl4_HE,train,low,2.5472,5.09,21,24064,11776,512,1.0,,223
R25-264-32_x027136_y019456,R25-264-32,MASH,unknown,2025-08-25HE,test,anchor,,0.0,0,27136,19456,512,1.0,,224
R25-264-11_x005632_y011776,R25-264-11,MASH,unknown,2025-08-25HE,train,mid,3.1274,67.48,3,5632,11776,512,1.0,,225
R26-122-10_HE_79_x021504_y009216,R26-122-10_HE_79,CCl4,unknown,2026-04-20_CCl4_HE,train,anchor,4.3495,55.1,18,21504,9216,512,0.9605,,226
R26-122-2_HE_71_x016384_y011776,R26-122-2_HE_71,CCl4,unknown,2026-04-20_CCl4_HE,train,low,3.7316,17.44,24,16384,11776,512,1.0,,227
R25-264-11_x021504_y010240__r2,R25-264-11,MASH,unknown,2025-08-25HE,train,high,6.3964,95.09,2,21504,10240,512,0.9082,R25-264-11_x021504_y010240,228
R26-122-17_HE_101_x013312_y018432,R26-122-17_HE_101,CCl4,unknown,2026-04-20_CCl4_HE,train,anchor,6.4202,83.33,28,13312,18432,512,1.0,,229
R25-264-31_x012800_y015872,R25-264-31,MASH,unknown,2025-08-25HE,test,anchor,-0.3004,12.42,1,12800,15872,512,1.0,,230
R25-264-37_x018432_y008704,R25-264-37,MASH,unknown,2025-08-25HE,train,high,6.6575,96.88,4,18432,8704,512,1.0,,231
R25-264-32_x022528_y018944,R25-264-32,MASH,unknown,2025-08-25HE,test,anchor,,0.0,0,22528,18944,512,1.0,,232
R25-264-11_x036352_y010240,R25-264-11,MASH,unknown,2025-08-25HE,train,high,5.858,93.25,2,36352,10240,512,1.0,,233
R25-264-32_x023552_y019456__r2,R25-264-32,MASH,unknown,2025-08-25HE,test,high,5.7022,96.06,3,23552,19456,512,1.0,R25-264-32_x023552_y019456,234
R26-122-17_HE_101_x024064_y018432,R26-122-17_HE_101,CCl4,unknown,2026-04-20_CCl4_HE,train,mid,5.6835,64.49,22,24064,18432,512,1.0,,235
R25-264-1_x011776_y021504,R25-264-1,MASH,unknown,2025-08-25HE,train,low,-3.0992,7.72,2,11776,21504,512,1.0,,236
R25-264-1_x032256_y022528__r2,R25-264-1,MASH,unknown,2025-08-25HE,train,upper,2.9069,89.43,7,32256,22528,512,1.0,R25-264-1_x032256_y022528,237
R25-264-12_x027136_y014336__r2,R25-264-12,MASH,unknown,2025-08-25HE,test,anchor,,0.0,0,27136,14336,512,1.0,R25-264-12_x027136_y014336,238
R25-264-34_x014848_y010752__r2,R25-264-34,MASH,unknown,2025-08-25HE,train,anchor,0.5479,31.93,2,14848,10752,512,1.0,R25-264-34_x014848_y010752,239
R25-264-32_x017920_y019968,R25-264-32,MASH,unknown,2025-08-25HE,test,anchor,2.368,66.14,3,17920,19968,512,1.0,,240
R25-264-11_x009728_y010752,R25-264-11,MASH,unknown,2025-08-25HE,train,anchor,,0.0,0,9728,10752,512,1.0,,241
R25-264-1_x016384_y020480,R25-264-1,MASH,unknown,2025-08-25HE,train,anchor,0.0783,43.5,2,16384,20480,512,1.0,,242
R25-264-11_x039424_y011264,R25-264-11,MASH,unknown,2025-08-25HE,train,upper,4.2217,79.75,3,39424,11264,512,1.0,,243
R25-264-34_x037376_y010752,R25-264-34,MASH,unknown,2025-08-25HE,train,mid,1.4627,53.61,2,37376,10752,512,1.0,,244
R25-264-37_x020480_y008704,R25-264-37,MASH,unknown,2025-08-25HE,train,mid,1.9047,30.73,3,20480,8704,512,1.0,,245
R26-122-17_HE_101_x009728_y016896,R26-122-17_HE_101,CCl4,unknown,2026-04-20_CCl4_HE,train,high,9.4014,98.55,14,9728,16896,512,1.0,,246
R25-264-37_x019456_y008192__r2,R25-264-37,MASH,unknown,2025-08-25HE,train,anchor,0.7303,14.58,2,19456,8192,512,1.0,R25-264-37_x019456_y008192,247
R26-122-17_HE_101_x023040_y018432,R26-122-17_HE_101,CCl4,unknown,2026-04-20_CCl4_HE,train,anchor,6.4393,83.7,21,23040,18432,512,1.0,,248
R25-264-1_x019968_y020480,R25-264-1,MASH,unknown,2025-08-25HE,train,mid,0.3533,50.81,3,19968,20480,512,1.0,,249
R26-122-10_HE_79_x014336_y009728,R26-122-10_HE_79,CCl4,unknown,2026-04-20_CCl4_HE,train,upper,5.3836,75.17,17,14336,9728,512,1.0,,250
R26-122-23_HE_91_x010752_y013824,R26-122-23_HE_91,CCl4,unknown,2026-04-20_CCl4_HE,train,high,9.0833,97.59,21,10752,13824,512,1.0,,251
R25-264-37_x015360_y009216,R25-264-37,MASH,unknown,2025-08-25HE,train,low,0.2607,8.33,1,15360,9216,512,1.0,,252
R25-264-37_x025600_y008704,R25-264-37,MASH,unknown,2025-08-25HE,train,high,8.7124,99.48,4,25600,8704,512,1.0,,253
R25-264-1_x028672_y022016,R25-264-1,MASH,unknown,2025-08-25HE,train,upper,2.3923,83.33,4,28672,22016,512,1.0,,254
R25-264-12_x045568_y014336,R25-264-12,MASH,unknown,2025-08-25HE,test,upper,2.2609,81.25,1,45568,14336,512,1.0,,255
R25-264-32_x015872_y019968,R25-264-32,MASH,unknown,2025-08-25HE,test,low,-0.7206,25.2,1,15872,19968,512,1.0,,256
R25-264-37_x032768_y007680__r2,R25-264-37,MASH,unknown,2025-08-25HE,train,upper,4.8418,82.29,5,32768,7680,512,1.0,R25-264-37_x032768_y007680,257
R26-122-2_HE_71_x012288_y011776,R26-122-2_HE_71,CCl4,unknown,2026-04-20_CCl4_HE,train,high,7.2259,92.53,30,12288,11776,512,1.0,,258
R26-122-2_HE_71_x011264_y010752,R26-122-2_HE_71,CCl4,unknown,2026-04-20_CCl4_HE,train,mid,4.849,46.26,33,11264,10752,512,1.0,,259
R25-264-11_x019968_y010752__r2,R25-264-11,MASH,unknown,2025-08-25HE,train,high,7.3118,96.93,6,19968,10752,512,1.0,R25-264-11_x019968_y010752,260
R25-264-1_x029184_y020480,R25-264-1,MASH,unknown,2025-08-25HE,train,high,7.4757,100.0,2,29184,20480,512,1.0,,261
R25-264-34_x038400_y010240,R25-264-34,MASH,unknown,2025-08-25HE,train,low,0.3256,25.9,1,38400,10240,512,1.0,,262
R26-122-2_HE_71_x015872_y010240,R26-122-2_HE_71,CCl4,unknown,2026-04-20_CCl4_HE,train,low,3.9874,23.84,25,15872,10240,512,1.0,,263
R25-264-37_x035840_y007168__r2,R25-264-37,MASH,unknown,2025-08-25HE,train,low,1.5823,24.48,6,35840,7168,512,1.0,R25-264-37_x035840_y007168,264
R25-264-33_x022016_y019456__r2,R25-264-33,MASH,unknown,2025-08-25HE,train,high,5.1335,90.74,2,22016,19456,512,1.0,R25-264-33_x022016_y019456,265
R26-122-36_HE_95_x009216_y014336,R26-122-36_HE_95,CCl4,unknown,2026-04-20_CCl4_HE,train,high,6.7821,91.27,24,9216,14336,512,1.0,,266
R25-264-13_x003072_y018944,R25-264-13,MASH,unknown,2025-08-25HE,train,anchor,3.0859,79.87,5,3072,18944,512,1.0,,267
R26-122-23_HE_91_x028160_y014336__r2,R26-122-23_HE_91,CCl4,unknown,2026-04-20_CCl4_HE,train,mid,5.9807,67.7,24,28160,14336,512,1.0,R26-122-23_HE_91_x028160_y014336,268
R25-264-11_x027648_y011264__r2,R25-264-11,MASH,unknown,2025-08-25HE,train,upper,4.2418,81.6,1,27648,11264,512,1.0,R25-264-11_x027648_y011264,269
R26-122-17_HE_101_x015872_y019968,R26-122-17_HE_101,CCl4,unknown,2026-04-20_CCl4_HE,train,high,9.4831,98.91,15,15872,19968,512,1.0,,270
R25-264-33_x029696_y017920__r2,R25-264-33,MASH,unknown,2025-08-25HE,train,high,7.0689,98.15,4,29696,17920,512,1.0,R25-264-33_x029696_y017920,271
R25-264-13_x048640_y018432__r2,R25-264-13,MASH,unknown,2025-08-25HE,train,anchor,0.1877,30.19,2,48640,18432,512,1.0,R25-264-13_x048640_y018432,272
R25-264-34_x027648_y010240,R25-264-34,MASH,unknown,2025-08-25HE,train,high,3.9511,92.77,6,27648,10240,512,1.0,,273
R25-264-33_x011776_y019968,R25-264-33,MASH,unknown,2025-08-25HE,train,low,0.9195,16.67,3,11776,19968,512,1.0,,274
R25-264-34_x033280_y010240__r2,R25-264-34,MASH,unknown,2025-08-25HE,train,anchor,3.0282,84.34,5,33280,10240,512,1.0,R25-264-34_x033280_y010240,275
R26-122-23_HE_91_x029184_y015360,R26-122-23_HE_91,CCl4,unknown,2026-04-20_CCl4_HE,train,anchor,6.3885,75.6,21,29184,15360,512,1.0,,276
R25-264-34_x029696_y009728,R25-264-34,MASH,unknown,2025-08-25HE,train,high,4.3743,96.39,3,29696,9728,512,1.0,,277
R25-264-12_x024064_y014336__r2,R25-264-12,MASH,unknown,2025-08-25HE,test,low,,0.0,0,24064,14336,512,1.0,R25-264-12_x024064_y014336,278
R25-264-37_x031232_y009216,R25-264-37,MASH,unknown,2025-08-25HE,train,mid,3.3223,63.02,6,31232,9216,512,1.0,,279
R25-264-11_x023552_y011264,R25-264-11,MASH,unknown,2025-08-25HE,train,upper,4.8025,87.73,3,23552,11264,512,0.8209,,280
R26-122-2_HE_71_x020480_y011264,R26-122-2_HE_71,CCl4,unknown,2026-04-20_CCl4_HE,train,upper,5.8891,74.38,34,20480,11264,512,1.0,,281
R25-264-33_x010752_y018432,R25-264-33,MASH,unknown,2025-08-25HE,train,anchor,3.0156,62.35,4,10752,18432,512,1.0,,282
R25-264-12_x025088_y014848,R25-264-12,MASH,unknown,2025-08-25HE,test,upper,1.9427,76.79,2,25088,14848,512,1.0,,283
R25-264-13_x046080_y018432,R25-264-13,MASH,unknown,2025-08-25HE,train,mid,1.0471,47.17,3,46080,18432,512,1.0,,284
R25-264-1_x015360_y021504,R25-264-1,MASH,unknown,2025-08-25HE,train,upper,1.9167,74.8,6,15360,21504,512,1.0,,285
R25-264-31_x005632_y015872__r2,R25-264-31,MASH,unknown,2025-08-25HE,test,mid,1.2252,30.72,3,5632,15872,512,1.0,R25-264-31_x005632_y015872,286
R25-264-31_x015360_y016384__r2,R25-264-31,MASH,unknown,2025-08-25HE,test,mid,2.2871,52.29,1,15360,16384,512,1.0,R25-264-31_x015360_y016384,287
R25-264-34_x026624_y009728,R25-264-34,MASH,unknown,2025-08-25HE,train,low,-1.757,8.43,1,26624,9728,512,1.0,,288
R26-122-23_HE_91_x016384_y013824__r2,R26-122-23_HE_91,CCl4,unknown,2026-04-20_CCl4_HE,train,upper,6.9189,85.22,19,16384,13824,512,1.0,R26-122-23_HE_91_x016384_y013824,289
R25-264-34_x032256_y010752__r2,R25-264-34,MASH,unknown,2025-08-25HE,train,high,3.5783,90.96,2,32256,10752,512,1.0,R25-264-34_x032256_y010752,290
R25-264-1_x008192_y020992,R25-264-1,MASH,unknown,2025-08-25HE,train,mid,-0.1275,39.02,3,8192,20992,512,1.0,,291
R26-122-23_HE_91_x014848_y014848,R26-122-23_HE_91,CCl4,unknown,2026-04-20_CCl4_HE,train,upper,6.3132,73.88,25,14848,14848,512,0.9807,,292
R25-264-32_x034304_y019456,R25-264-32,MASH,unknown,2025-08-25HE,test,high,4.1677,92.13,4,34304,19456,512,1.0,,293
R25-264-13_x029696_y018944__r2,R25-264-13,MASH,unknown,2025-08-25HE,train,low,-0.632,18.87,3,29696,18944,512,1.0,R25-264-13_x029696_y018944,294
R25-264-33_x009216_y018432__r2,R25-264-33,MASH,unknown,2025-08-25HE,train,high,5.3757,91.98,6,9216,18432,512,1.0,R25-264-33_x009216_y018432,295
R26-122-23_HE_91_x010752_y015872__r2,R26-122-23_HE_91,CCl4,unknown,2026-04-20_CCl4_HE,train,low,3.612,11.68,19,10752,15872,512,1.0,R26-122-23_HE_91_x010752_y015872,296
R25-264-13_x020480_y018432,R25-264-13,MASH,unknown,2025-08-25HE,train,high,4.7344,96.86,1,20480,18432,512,1.0,,297
R25-264-37_x015360_y008192,R25-264-37,MASH,unknown,2025-08-25HE,train,high,6.8748,97.4,7,15360,8192,512,1.0,,298
R25-264-34_x035328_y010240__r2,R25-264-34,MASH,unknown,2025-08-25HE,train,anchor,4.0921,93.98,1,35328,10240,512,1.0,R25-264-34_x035328_y010240,299
R25-264-31_x010240_y015872__r2,R25-264-31,MASH,unknown,2025-08-25HE,test,upper,3.2981,70.59,2,10240,15872,512,1.0,R25-264-31_x010240_y015872,300
