blind_id,panel,slide,cohort,batch,split,x,y,present_order
s678b1f,1,R25-264-1,MASH,2025-08-25HE,train,24064,22016,22
s678b1f,2,R25-264-1,MASH,2025-08-25HE,train,26112,21504,22
s678b1f,3,R25-264-1,MASH,2025-08-25HE,train,30208,20992,22
s678b1f,4,R25-264-1,MASH,2025-08-25HE,train,5120,24576,22
s678b1f,5,R25-264-1,MASH,2025-08-25HE,train,9728,22528,22
s678b1f,6,R25-264-1,MASH,2025-08-25HE,train,20480,23552,22
s678b1f,7,R25-264-1,MASH,2025-08-25HE,train,31744,22016,22
s678b1f,8,R25-264-1,MASH,2025-08-25HE,train,8704,24576,22
s678b1f,9,R25-264-1,MASH,2025-08-25HE,train,7680,24576,22
s678b1f,10,R25-264-1,MASH,2025-08-25HE,train,28160,24064,22
s678b1f,11,R25-264-1,MASH,2025-08-25HE,train,10240,23040,22
s678b1f,12,R25-264-1,MASH,2025-08-25HE,train,15872,23040,22
s678b1f,13,R25-264-1,MASH,2025-08-25HE,train,16384,23552,22
s678b1f,14,R25-264-1,MASH,2025-08-25HE,train,33792,24064,22
s678b1f,15,R25-264-1,MASH,2025-08-25HE,train,7680,21504,22
s678b1f,16,R25-264-1,MASH,2025-08-25HE,train,6656,23040,22
s678b1f,17,R25-264-1,MASH,2025-08-25HE,train,30208,22528,22
s678b1f,18,R25-264-1,MASH,2025-08-25HE,train,18432,20992,22
s678b1f,19,R25-264-1,MASH,2025-08-25HE,train,5632,23040,22
s678b1f,20,R25-264-1,MASH,2025-08-25HE,train,5632,20992,22
s678b1f,21,R25-264-1,MASH,2025-08-25HE,train,8192,20992,22
s678b1f,22,R25-264-1,MASH,2025-08-25HE,train,13312,24064,22
s678b1f,23,R25-264-1,MASH,2025-08-25HE,train,17920,22016,22
s678b1f,24,R25-264-1,MASH,2025-08-25HE,train,13312,20992,22
s693977,1,R25-264-10,MASH,2025-08-25HE,test,8704,22016,31
s693977,2,R25-264-10,MASH,2025-08-25HE,test,15872,22016,31
s693977,3,R25-264-10,MASH,2025-08-25HE,test,12288,22528,31
s693977,4,R25-264-10,MASH,2025-08-25HE,test,3584,16384,31
s693977,5,R25-264-10,MASH,2025-08-25HE,test,10240,6656,31
s693977,6,R25-264-10,MASH,2025-08-25HE,test,12288,6656,31
s693977,7,R25-264-10,MASH,2025-08-25HE,test,24064,6656,31
s693977,8,R25-264-10,MASH,2025-08-25HE,test,19968,6656,31
s693977,9,R25-264-10,MASH,2025-08-25HE,test,33792,11776,31
s693977,10,R25-264-10,MASH,2025-08-25HE,test,9216,16384,31
s693977,11,R25-264-10,MASH,2025-08-25HE,test,32768,6656,31
s693977,12,R25-264-10,MASH,2025-08-25HE,test,5120,12288,31
s693977,13,R25-264-10,MASH,2025-08-25HE,test,28672,11264,31
s693977,14,R25-264-10,MASH,2025-08-25HE,test,26112,6144,31
s693977,15,R25-264-10,MASH,2025-08-25HE,test,30720,11776,31
s693977,16,R25-264-10,MASH,2025-08-25HE,test,29184,6656,31
s693977,17,R25-264-10,MASH,2025-08-25HE,test,12800,16896,31
s693977,18,R25-264-10,MASH,2025-08-25HE,test,22016,6656,31
s693977,19,R25-264-10,MASH,2025-08-25HE,test,6656,22528,31
s693977,20,R25-264-10,MASH,2025-08-25HE,test,11776,22016,31
s693977,21,R25-264-10,MASH,2025-08-25HE,test,25088,22016,31
s693977,22,R25-264-10,MASH,2025-08-25HE,test,28160,11264,31
s693977,23,R25-264-10,MASH,2025-08-25HE,test,33792,15872,31
s693977,24,R25-264-10,MASH,2025-08-25HE,test,22528,11264,31
s62495a,1,R25-264-11,MASH,2025-08-25HE,train,7680,10752,3
s62495a,2,R25-264-11,MASH,2025-08-25HE,train,40960,9728,3
s62495a,3,R25-264-11,MASH,2025-08-25HE,train,14848,11264,3
s62495a,4,R25-264-11,MASH,2025-08-25HE,train,30208,12288,3
s62495a,5,R25-264-11,MASH,2025-08-25HE,train,25600,10240,3
s62495a,6,R25-264-11,MASH,2025-08-25HE,train,11776,11776,3
s62495a,7,R25-264-11,MASH,2025-08-25HE,train,4096,10752,3
s62495a,8,R25-264-11,MASH,2025-08-25HE,train,37376,12288,3
s62495a,9,R25-264-11,MASH,2025-08-25HE,train,20992,11264,3
s62495a,10,R25-264-11,MASH,2025-08-25HE,train,27136,26624,3
s62495a,11,R25-264-11,MASH,2025-08-25HE,train,27136,11264,3
s62495a,12,R25-264-11,MASH,2025-08-25HE,train,7680,12288,3
s62495a,13,R25-264-11,MASH,2025-08-25HE,train,33280,26112,3
s62495a,14,R25-264-11,MASH,2025-08-25HE,train,15872,12800,3
s62495a,15,R25-264-11,MASH,2025-08-25HE,train,9728,26624,3
s62495a,16,R25-264-11,MASH,2025-08-25HE,train,23040,26112,3
s62495a,17,R25-264-11,MASH,2025-08-25HE,train,30208,11776,3
s62495a,18,R25-264-11,MASH,2025-08-25HE,train,3584,12800,3
s62495a,19,R25-264-11,MASH,2025-08-25HE,train,26112,12288,3
s62495a,20,R25-264-11,MASH,2025-08-25HE,train,15872,26624,3
s62495a,21,R25-264-11,MASH,2025-08-25HE,train,5120,12288,3
s62495a,22,R25-264-11,MASH,2025-08-25HE,train,27136,26112,3
s62495a,23,R25-264-11,MASH,2025-08-25HE,train,8704,10752,3
s62495a,24,R25-264-11,MASH,2025-08-25HE,train,32256,26624,3
s1899c2,1,R25-264-12,MASH,2025-08-25HE,test,26112,11264,19
s1899c2,2,R25-264-12,MASH,2025-08-25HE,test,19456,10752,19
s1899c2,3,R25-264-12,MASH,2025-08-25HE,test,33280,10752,19
s1899c2,4,R25-264-12,MASH,2025-08-25HE,test,45568,14848,19
s1899c2,5,R25-264-12,MASH,2025-08-25HE,test,40960,10752,19
s1899c2,6,R25-264-12,MASH,2025-08-25HE,test,29696,10752,19
s1899c2,7,R25-264-12,MASH,2025-08-25HE,test,23552,10752,19
s1899c2,8,R25-264-12,MASH,2025-08-25HE,test,7680,15360,19
s1899c2,9,R25-264-12,MASH,2025-08-25HE,test,40448,10752,19
s1899c2,10,R25-264-12,MASH,2025-08-25HE,test,24064,22016,19
s1899c2,11,R25-264-12,MASH,2025-08-25HE,test,11264,11264,19
s1899c2,12,R25-264-12,MASH,2025-08-25HE,test,23552,15360,19
s1899c2,13,R25-264-12,MASH,2025-08-25HE,test,37376,22016,19
s1899c2,14,R25-264-12,MASH,2025-08-25HE,test,31232,14848,19
s1899c2,15,R25-264-12,MASH,2025-08-25HE,test,40960,22016,19
s1899c2,16,R25-264-12,MASH,2025-08-25HE,test,12288,14848,19
s1899c2,17,R25-264-12,MASH,2025-08-25HE,test,17408,14848,19
s1899c2,18,R25-264-12,MASH,2025-08-25HE,test,18432,14848,19
s1899c2,19,R25-264-12,MASH,2025-08-25HE,test,41472,14848,19
s1899c2,20,R25-264-12,MASH,2025-08-25HE,test,11264,22016,19
s1899c2,21,R25-264-12,MASH,2025-08-25HE,test,20480,14848,19
s1899c2,22,R25-264-12,MASH,2025-08-25HE,test,31232,22016,19
s1899c2,23,R25-264-12,MASH,2025-08-25HE,test,27136,11264,19
s1899c2,24,R25-264-12,MASH,2025-08-25HE,test,28160,22016,19
sf4093d,1,R25-264-13,MASH,2025-08-25HE,train,34816,11264,32
sf4093d,2,R25-264-13,MASH,2025-08-25HE,train,14848,18944,32
sf4093d,3,R25-264-13,MASH,2025-08-25HE,train,16896,19456,32
sf4093d,4,R25-264-13,MASH,2025-08-25HE,train,14336,11776,32
sf4093d,5,R25-264-13,MASH,2025-08-25HE,train,21504,11776,32
sf4093d,6,R25-264-13,MASH,2025-08-25HE,train,42496,18944,32
sf4093d,7,R25-264-13,MASH,2025-08-25HE,train,13824,23552,32
sf4093d,8,R25-264-13,MASH,2025-08-25HE,train,42496,11264,32
sf4093d,9,R25-264-13,MASH,2025-08-25HE,train,13312,11776,32
sf4093d,10,R25-264-13,MASH,2025-08-25HE,train,26624,11264,32
sf4093d,11,R25-264-13,MASH,2025-08-25HE,train,30720,11264,32
sf4093d,12,R25-264-13,MASH,2025-08-25HE,train,44032,11264,32
sf4093d,13,R25-264-13,MASH,2025-08-25HE,train,24576,11264,32
sf4093d,14,R25-264-13,MASH,2025-08-25HE,train,3072,18944,32
sf4093d,15,R25-264-13,MASH,2025-08-25HE,train,36864,18944,32
sf4093d,16,R25-264-13,MASH,2025-08-25HE,train,3584,23552,32
sf4093d,17,R25-264-13,MASH,2025-08-25HE,train,25600,23040,32
sf4093d,18,R25-264-13,MASH,2025-08-25HE,train,26624,18944,32
sf4093d,19,R25-264-13,MASH,2025-08-25HE,train,45568,18944,32
sf4093d,20,R25-264-13,MASH,2025-08-25HE,train,8704,11776,32
sf4093d,21,R25-264-13,MASH,2025-08-25HE,train,18944,18432,32
sf4093d,22,R25-264-13,MASH,2025-08-25HE,train,23040,23552,32
sf4093d,23,R25-264-13,MASH,2025-08-25HE,train,41984,23040,32
sf4093d,24,R25-264-13,MASH,2025-08-25HE,train,10240,11776,32
sa2d3f3,1,R25-264-3,MASH,2025-08-25HE,train,44544,20992,26
sa2d3f3,2,R25-264-3,MASH,2025-08-25HE,train,36352,7168,26
sa2d3f3,3,R25-264-3,MASH,2025-08-25HE,train,36864,7168,26
sa2d3f3,4,R25-264-3,MASH,2025-08-25HE,train,20992,27648,26
sa2d3f3,5,R25-264-3,MASH,2025-08-25HE,train,15360,28160,26
sa2d3f3,6,R25-264-3,MASH,2025-08-25HE,train,17408,7168,26
sa2d3f3,7,R25-264-3,MASH,2025-08-25HE,train,10240,28160,26
sa2d3f3,8,R25-264-3,MASH,2025-08-25HE,train,47104,14336,26
sa2d3f3,9,R25-264-3,MASH,2025-08-25HE,train,14848,20992,26
sa2d3f3,10,R25-264-3,MASH,2025-08-25HE,train,16384,20992,26
sa2d3f3,11,R25-264-3,MASH,2025-08-25HE,train,40960,27648,26
sa2d3f3,12,R25-264-3,MASH,2025-08-25HE,train,31232,27648,26
sa2d3f3,13,R25-264-3,MASH,2025-08-25HE,train,38400,27648,26
sa2d3f3,14,R25-264-3,MASH,2025-08-25HE,train,38912,7168,26
sa2d3f3,15,R25-264-3,MASH,2025-08-25HE,train,24576,27648,26
sa2d3f3,16,R25-264-3,MASH,2025-08-25HE,train,27648,14336,26
sa2d3f3,17,R25-264-3,MASH,2025-08-25HE,train,31232,14336,26
sa2d3f3,18,R25-264-3,MASH,2025-08-25HE,train,6656,21504,26
sa2d3f3,19,R25-264-3,MASH,2025-08-25HE,train,45568,14336,26
sa2d3f3,20,R25-264-3,MASH,2025-08-25HE,train,24064,14336,26
sa2d3f3,21,R25-264-3,MASH,2025-08-25HE,train,9728,7680,26
sa2d3f3,22,R25-264-3,MASH,2025-08-25HE,train,12800,14848,26
sa2d3f3,23,R25-264-3,MASH,2025-08-25HE,train,17920,28160,26
sa2d3f3,24,R25-264-3,MASH,2025-08-25HE,train,31232,20992,26
sd9cfef,1,R25-264-30,MASH,2025-08-25HE,train,6656,8704,7
sd9cfef,2,R25-264-30,MASH,2025-08-25HE,train,35840,14336,7
sd9cfef,3,R25-264-30,MASH,2025-08-25HE,train,22528,19968,7
sd9cfef,4,R25-264-30,MASH,2025-08-25HE,train,26624,8192,7
sd9cfef,5,R25-264-30,MASH,2025-08-25HE,train,24576,8192,7
sd9cfef,6,R25-264-30,MASH,2025-08-25HE,train,43008,13824,7
sd9cfef,7,R25-264-30,MASH,2025-08-25HE,train,41984,7680,7
sd9cfef,8,R25-264-30,MASH,2025-08-25HE,train,36864,14336,7
sd9cfef,9,R25-264-30,MASH,2025-08-25HE,train,26112,19968,7
sd9cfef,10,R25-264-30,MASH,2025-08-25HE,train,43520,26112,7
sd9cfef,11,R25-264-30,MASH,2025-08-25HE,train,29696,26624,7
sd9cfef,12,R25-264-30,MASH,2025-08-25HE,train,40448,19968,7
sd9cfef,13,R25-264-30,MASH,2025-08-25HE,train,20480,19968,7
sd9cfef,14,R25-264-30,MASH,2025-08-25HE,train,37376,26112,7
sd9cfef,15,R25-264-30,MASH,2025-08-25HE,train,33280,19968,7
sd9cfef,16,R25-264-30,MASH,2025-08-25HE,train,24064,26112,7
sd9cfef,17,R25-264-30,MASH,2025-08-25HE,train,41472,19968,7
sd9cfef,18,R25-264-30,MASH,2025-08-25HE,train,36352,19968,7
sd9cfef,19,R25-264-30,MASH,2025-08-25HE,train,22016,26112,7
sd9cfef,20,R25-264-30,MASH,2025-08-25HE,train,7680,14336,7
sd9cfef,21,R25-264-30,MASH,2025-08-25HE,train,30208,8192,7
sd9cfef,22,R25-264-30,MASH,2025-08-25HE,train,19968,26624,7
sd9cfef,23,R25-264-30,MASH,2025-08-25HE,train,31232,26112,7
sd9cfef,24,R25-264-30,MASH,2025-08-25HE,train,40448,26112,7
s953b98,1,R25-264-31,MASH,2025-08-25HE,test,16896,16384,29
s953b98,2,R25-264-31,MASH,2025-08-25HE,test,8192,20480,29
s953b98,3,R25-264-31,MASH,2025-08-25HE,test,7168,15872,29
s953b98,4,R25-264-31,MASH,2025-08-25HE,test,31744,16384,29
s953b98,5,R25-264-31,MASH,2025-08-25HE,test,11776,19968,29
s953b98,6,R25-264-31,MASH,2025-08-25HE,test,24064,15360,29
s953b98,7,R25-264-31,MASH,2025-08-25HE,test,13824,9728,29
s953b98,8,R25-264-31,MASH,2025-08-25HE,test,7680,10240,29
s953b98,9,R25-264-31,MASH,2025-08-25HE,test,26624,15360,29
s953b98,10,R25-264-31,MASH,2025-08-25HE,test,13312,10240,29
s953b98,11,R25-264-31,MASH,2025-08-25HE,test,7168,16384,29
s953b98,12,R25-264-31,MASH,2025-08-25HE,test,21504,15872,29
s953b98,13,R25-264-31,MASH,2025-08-25HE,test,18432,10240,29
s953b98,14,R25-264-31,MASH,2025-08-25HE,test,31232,9728,29
s953b98,15,R25-264-31,MASH,2025-08-25HE,test,29696,9728,29
s953b98,16,R25-264-31,MASH,2025-08-25HE,test,9216,9728,29
s953b98,17,R25-264-31,MASH,2025-08-25HE,test,33792,15360,29
s953b98,18,R25-264-31,MASH,2025-08-25HE,test,32768,19456,29
s953b98,19,R25-264-31,MASH,2025-08-25HE,test,24064,9728,29
s953b98,20,R25-264-31,MASH,2025-08-25HE,test,22528,19456,29
s953b98,21,R25-264-31,MASH,2025-08-25HE,test,25088,19968,29
s953b98,22,R25-264-31,MASH,2025-08-25HE,test,14848,9728,29
s953b98,23,R25-264-31,MASH,2025-08-25HE,test,18944,9728,29
s953b98,24,R25-264-31,MASH,2025-08-25HE,test,14336,16896,29
s54fbe4,1,R25-264-32,MASH,2025-08-25HE,test,29696,18944,27
s54fbe4,2,R25-264-32,MASH,2025-08-25HE,test,28672,22528,27
s54fbe4,3,R25-264-32,MASH,2025-08-25HE,test,20480,19968,27
s54fbe4,4,R25-264-32,MASH,2025-08-25HE,test,15872,19968,27
s54fbe4,5,R25-264-32,MASH,2025-08-25HE,test,36352,10752,27
s54fbe4,6,R25-264-32,MASH,2025-08-25HE,test,40448,10752,27
s54fbe4,7,R25-264-32,MASH,2025-08-25HE,test,17408,10752,27
s54fbe4,8,R25-264-32,MASH,2025-08-25HE,test,13312,10752,27
s54fbe4,9,R25-264-32,MASH,2025-08-25HE,test,31232,22016,27
s54fbe4,10,R25-264-32,MASH,2025-08-25HE,test,31232,22528,27
s54fbe4,11,R25-264-32,MASH,2025-08-25HE,test,27136,10752,27
s54fbe4,12,R25-264-32,MASH,2025-08-25HE,test,8192,19456,27
s54fbe4,13,R25-264-32,MASH,2025-08-25HE,test,34304,10752,27
s54fbe4,14,R25-264-32,MASH,2025-08-25HE,test,19968,19968,27
s54fbe4,15,R25-264-32,MASH,2025-08-25HE,test,18944,11264,27
s54fbe4,16,R25-264-32,MASH,2025-08-25HE,test,6656,11264,27
s54fbe4,17,R25-264-32,MASH,2025-08-25HE,test,23040,10752,27
s54fbe4,18,R25-264-32,MASH,2025-08-25HE,test,17920,22528,27
s54fbe4,19,R25-264-32,MASH,2025-08-25HE,test,15872,11264,27
s54fbe4,20,R25-264-32,MASH,2025-08-25HE,test,7168,22528,27
s54fbe4,21,R25-264-32,MASH,2025-08-25HE,test,45056,22016,27
s54fbe4,22,R25-264-32,MASH,2025-08-25HE,test,10752,19968,27
s54fbe4,23,R25-264-32,MASH,2025-08-25HE,test,4608,11264,27
s54fbe4,24,R25-264-32,MASH,2025-08-25HE,test,44544,22016,27
s14ad9f,1,R25-264-33,MASH,2025-08-25HE,train,24064,7680,21
s14ad9f,2,R25-264-33,MASH,2025-08-25HE,train,17920,7680,21
s14ad9f,3,R25-264-33,MASH,2025-08-25HE,train,30208,18432,21
s14ad9f,4,R25-264-33,MASH,2025-08-25HE,train,5632,7680,21
s14ad9f,5,R25-264-33,MASH,2025-08-25HE,train,30208,15360,21
s14ad9f,6,R25-264-33,MASH,2025-08-25HE,train,36864,7168,21
s14ad9f,7,R25-264-33,MASH,2025-08-25HE,train,26624,17408,21
s14ad9f,8,R25-264-33,MASH,2025-08-25HE,train,18432,19456,21
s14ad9f,9,R25-264-33,MASH,2025-08-25HE,train,12800,18432,21
s14ad9f,10,R25-264-33,MASH,2025-08-25HE,train,26624,15360,21
s14ad9f,11,R25-264-33,MASH,2025-08-25HE,train,33280,15360,21
s14ad9f,12,R25-264-33,MASH,2025-08-25HE,train,32256,15360,21
s14ad9f,13,R25-264-33,MASH,2025-08-25HE,train,22528,19968,21
s14ad9f,14,R25-264-33,MASH,2025-08-25HE,train,7680,15872,21
s14ad9f,15,R25-264-33,MASH,2025-08-25HE,train,31744,7168,21
s14ad9f,16,R25-264-33,MASH,2025-08-25HE,train,23040,15360,21
s14ad9f,17,R25-264-33,MASH,2025-08-25HE,train,11776,15872,21
s14ad9f,18,R25-264-33,MASH,2025-08-25HE,train,25600,17408,21
s14ad9f,19,R25-264-33,MASH,2025-08-25HE,train,31744,18944,21
s14ad9f,20,R25-264-33,MASH,2025-08-25HE,train,25600,7680,21
s14ad9f,21,R25-264-33,MASH,2025-08-25HE,train,22016,15360,21
s14ad9f,22,R25-264-33,MASH,2025-08-25HE,train,9728,17920,21
s14ad9f,23,R25-264-33,MASH,2025-08-25HE,train,18944,7168,21
s14ad9f,24,R25-264-33,MASH,2025-08-25HE,train,26112,15360,21
s6c250c,1,R25-264-34,MASH,2025-08-25HE,train,17920,9728,6
s6c250c,2,R25-264-34,MASH,2025-08-25HE,train,35840,18944,6
s6c250c,3,R25-264-34,MASH,2025-08-25HE,train,27136,11776,6
s6c250c,4,R25-264-34,MASH,2025-08-25HE,train,14848,11776,6
s6c250c,5,R25-264-34,MASH,2025-08-25HE,train,14336,18944,6
s6c250c,6,R25-264-34,MASH,2025-08-25HE,train,32256,9728,6
s6c250c,7,R25-264-34,MASH,2025-08-25HE,train,26112,18432,6
s6c250c,8,R25-264-34,MASH,2025-08-25HE,train,19968,10752,6
s6c250c,9,R25-264-34,MASH,2025-08-25HE,train,16384,10240,6
s6c250c,10,R25-264-34,MASH,2025-08-25HE,train,8704,18944,6
s6c250c,11,R25-264-34,MASH,2025-08-25HE,train,33792,9728,6
s6c250c,12,R25-264-34,MASH,2025-08-25HE,train,25600,9728,6
s6c250c,13,R25-264-34,MASH,2025-08-25HE,train,5120,18944,6
s6c250c,14,R25-264-34,MASH,2025-08-25HE,train,32256,18944,6
s6c250c,15,R25-264-34,MASH,2025-08-25HE,train,10752,9728,6
s6c250c,16,R25-264-34,MASH,2025-08-25HE,train,13824,10240,6
s6c250c,17,R25-264-34,MASH,2025-08-25HE,train,9728,10752,6
s6c250c,18,R25-264-34,MASH,2025-08-25HE,train,27648,18944,6
s6c250c,19,R25-264-34,MASH,2025-08-25HE,train,19968,9728,6
s6c250c,20,R25-264-34,MASH,2025-08-25HE,train,23552,11776,6
s6c250c,21,R25-264-34,MASH,2025-08-25HE,train,5632,12288,6
s6c250c,22,R25-264-34,MASH,2025-08-25HE,train,12800,9728,6
s6c250c,23,R25-264-34,MASH,2025-08-25HE,train,10752,10752,6
s6c250c,24,R25-264-34,MASH,2025-08-25HE,train,7168,10752,6
sc8c985,1,R25-264-35,MASH,2025-08-25HE,test,24064,9216,18
sc8c985,2,R25-264-35,MASH,2025-08-25HE,test,17920,9216,18
sc8c985,3,R25-264-35,MASH,2025-08-25HE,test,7680,9728,18
sc8c985,4,R25-264-35,MASH,2025-08-25HE,test,28672,19456,18
sc8c985,5,R25-264-35,MASH,2025-08-25HE,test,5632,15872,18
sc8c985,6,R25-264-35,MASH,2025-08-25HE,test,9728,9728,18
sc8c985,7,R25-264-35,MASH,2025-08-25HE,test,21504,9216,18
sc8c985,8,R25-264-35,MASH,2025-08-25HE,test,33792,19968,18
sc8c985,9,R25-264-35,MASH,2025-08-25HE,test,38912,14848,18
sc8c985,10,R25-264-35,MASH,2025-08-25HE,test,8192,25600,18
sc8c985,11,R25-264-35,MASH,2025-08-25HE,test,13824,15360,18
sc8c985,12,R25-264-35,MASH,2025-08-25HE,test,24064,15360,18
sc8c985,13,R25-264-35,MASH,2025-08-25HE,test,14336,19968,18
sc8c985,14,R25-264-35,MASH,2025-08-25HE,test,35840,15360,18
sc8c985,15,R25-264-35,MASH,2025-08-25HE,test,3072,20480,18
sc8c985,16,R25-264-35,MASH,2025-08-25HE,test,4608,19968,18
sc8c985,17,R25-264-35,MASH,2025-08-25HE,test,16896,15360,18
sc8c985,18,R25-264-35,MASH,2025-08-25HE,test,18944,15360,18
sc8c985,19,R25-264-35,MASH,2025-08-25HE,test,26112,19456,18
sc8c985,20,R25-264-35,MASH,2025-08-25HE,test,24064,25600,18
sc8c985,21,R25-264-35,MASH,2025-08-25HE,test,20992,15360,18
sc8c985,22,R25-264-35,MASH,2025-08-25HE,test,9728,19968,18
sc8c985,23,R25-264-35,MASH,2025-08-25HE,test,26112,9216,18
sc8c985,24,R25-264-35,MASH,2025-08-25HE,test,13824,25600,18
sd9bb26,1,R25-264-36,MASH,2025-08-25HE,train,14848,16384,14
sd9bb26,2,R25-264-36,MASH,2025-08-25HE,train,22528,20992,14
sd9bb26,3,R25-264-36,MASH,2025-08-25HE,train,23552,12288,14
sd9bb26,4,R25-264-36,MASH,2025-08-25HE,train,27648,16384,14
sd9bb26,5,R25-264-36,MASH,2025-08-25HE,train,12288,21504,14
sd9bb26,6,R25-264-36,MASH,2025-08-25HE,train,8192,12288,14
sd9bb26,7,R25-264-36,MASH,2025-08-25HE,train,27136,6656,14
sd9bb26,8,R25-264-36,MASH,2025-08-25HE,train,20480,11776,14
sd9bb26,9,R25-264-36,MASH,2025-08-25HE,train,13312,12288,14
sd9bb26,10,R25-264-36,MASH,2025-08-25HE,train,26624,11776,14
sd9bb26,11,R25-264-36,MASH,2025-08-25HE,train,5120,16384,14
sd9bb26,12,R25-264-36,MASH,2025-08-25HE,train,34816,15872,14
sd9bb26,13,R25-264-36,MASH,2025-08-25HE,train,32768,11776,14
sd9bb26,14,R25-264-36,MASH,2025-08-25HE,train,17920,11776,14
sd9bb26,15,R25-264-36,MASH,2025-08-25HE,train,17408,7680,14
sd9bb26,16,R25-264-36,MASH,2025-08-25HE,train,23552,6656,14
sd9bb26,17,R25-264-36,MASH,2025-08-25HE,train,19968,12288,14
sd9bb26,18,R25-264-36,MASH,2025-08-25HE,train,34816,20480,14
sd9bb26,19,R25-264-36,MASH,2025-08-25HE,train,10752,7680,14
sd9bb26,20,R25-264-36,MASH,2025-08-25HE,train,26112,20992,14
sd9bb26,21,R25-264-36,MASH,2025-08-25HE,train,27136,20992,14
sd9bb26,22,R25-264-36,MASH,2025-08-25HE,train,30208,7168,14
sd9bb26,23,R25-264-36,MASH,2025-08-25HE,train,7680,7680,14
sd9bb26,24,R25-264-36,MASH,2025-08-25HE,train,13312,16896,14
s1340cf,1,R25-264-37,MASH,2025-08-25HE,train,17920,7680,8
s1340cf,2,R25-264-37,MASH,2025-08-25HE,train,35328,7680,8
s1340cf,3,R25-264-37,MASH,2025-08-25HE,train,25600,7680,8
s1340cf,4,R25-264-37,MASH,2025-08-25HE,train,30208,10240,8
s1340cf,5,R25-264-37,MASH,2025-08-25HE,train,15872,8704,8
s1340cf,6,R25-264-37,MASH,2025-08-25HE,train,20480,7680,8
s1340cf,7,R25-264-37,MASH,2025-08-25HE,train,15872,7680,8
s1340cf,8,R25-264-37,MASH,2025-08-25HE,train,32768,10240,8
s1340cf,9,R25-264-37,MASH,2025-08-25HE,train,13312,9216,8
s1340cf,10,R25-264-37,MASH,2025-08-25HE,train,26112,20480,8
s1340cf,11,R25-264-37,MASH,2025-08-25HE,train,24064,9728,8
s1340cf,12,R25-264-37,MASH,2025-08-25HE,train,32768,8704,8
s1340cf,13,R25-264-37,MASH,2025-08-25HE,train,5632,20992,8
s1340cf,14,R25-264-37,MASH,2025-08-25HE,train,15872,10752,8
s1340cf,15,R25-264-37,MASH,2025-08-25HE,train,8192,20992,8
s1340cf,16,R25-264-37,MASH,2025-08-25HE,train,11776,10752,8
s1340cf,17,R25-264-37,MASH,2025-08-25HE,train,27648,8192,8
s1340cf,18,R25-264-37,MASH,2025-08-25HE,train,29184,8704,8
s1340cf,19,R25-264-37,MASH,2025-08-25HE,train,26112,10240,8
s1340cf,20,R25-264-37,MASH,2025-08-25HE,train,15872,20992,8
s1340cf,21,R25-264-37,MASH,2025-08-25HE,train,31232,8704,8
s1340cf,22,R25-264-37,MASH,2025-08-25HE,train,29696,19968,8
s1340cf,23,R25-264-37,MASH,2025-08-25HE,train,18432,7680,8
s1340cf,24,R25-264-37,MASH,2025-08-25HE,train,28672,20480,8
se6d90b,1,R26-122-10_HE_79,CCl4,2026-04-20_CCl4_HE,train,23552,9728,13
se6d90b,2,R26-122-10_HE_79,CCl4,2026-04-20_CCl4_HE,train,28672,8192,13
se6d90b,3,R26-122-10_HE_79,CCl4,2026-04-20_CCl4_HE,train,21504,10240,13
se6d90b,4,R26-122-10_HE_79,CCl4,2026-04-20_CCl4_HE,train,26112,8704,13
se6d90b,5,R26-122-10_HE_79,CCl4,2026-04-20_CCl4_HE,train,14848,11264,13
se6d90b,6,R26-122-10_HE_79,CCl4,2026-04-20_CCl4_HE,train,17920,10240,13
se6d90b,7,R26-122-10_HE_79,CCl4,2026-04-20_CCl4_HE,train,27648,10240,13
se6d90b,8,R26-122-10_HE_79,CCl4,2026-04-20_CCl4_HE,train,24576,10752,13
se6d90b,9,R26-122-10_HE_79,CCl4,2026-04-20_CCl4_HE,train,7168,10240,13
se6d90b,10,R26-122-10_HE_79,CCl4,2026-04-20_CCl4_HE,train,8704,10752,13
se6d90b,11,R26-122-10_HE_79,CCl4,2026-04-20_CCl4_HE,train,10240,11264,13
se6d90b,12,R26-122-10_HE_79,CCl4,2026-04-20_CCl4_HE,train,24064,10240,13
se6d90b,13,R26-122-10_HE_79,CCl4,2026-04-20_CCl4_HE,train,7680,9216,13
se6d90b,14,R26-122-10_HE_79,CCl4,2026-04-20_CCl4_HE,train,18944,8704,13
se6d90b,15,R26-122-10_HE_79,CCl4,2026-04-20_CCl4_HE,train,5120,10752,13
se6d90b,16,R26-122-10_HE_79,CCl4,2026-04-20_CCl4_HE,train,2560,11264,13
se6d90b,17,R26-122-10_HE_79,CCl4,2026-04-20_CCl4_HE,train,3072,9728,13
se6d90b,18,R26-122-10_HE_79,CCl4,2026-04-20_CCl4_HE,train,9728,9728,13
se6d90b,19,R26-122-10_HE_79,CCl4,2026-04-20_CCl4_HE,train,13824,10240,13
se6d90b,20,R26-122-10_HE_79,CCl4,2026-04-20_CCl4_HE,train,16896,8704,13
se6d90b,21,R26-122-10_HE_79,CCl4,2026-04-20_CCl4_HE,train,13824,9216,13
se6d90b,22,R26-122-10_HE_79,CCl4,2026-04-20_CCl4_HE,train,18432,11264,13
se6d90b,23,R26-122-10_HE_79,CCl4,2026-04-20_CCl4_HE,train,15360,9728,13
se6d90b,24,R26-122-10_HE_79,CCl4,2026-04-20_CCl4_HE,train,20480,8192,13
s4643ea,1,R26-122-12_HE_81,CCl4,2026-04-20_CCl4_HE,train,16384,8704,17
s4643ea,2,R26-122-12_HE_81,CCl4,2026-04-20_CCl4_HE,train,19968,8704,17
s4643ea,3,R26-122-12_HE_81,CCl4,2026-04-20_CCl4_HE,train,23040,8192,17
s4643ea,4,R26-122-12_HE_81,CCl4,2026-04-20_CCl4_HE,train,20992,16896,17
s4643ea,5,R26-122-12_HE_81,CCl4,2026-04-20_CCl4_HE,train,24064,15872,17
s4643ea,6,R26-122-12_HE_81,CCl4,2026-04-20_CCl4_HE,train,14848,16896,17
s4643ea,7,R26-122-12_HE_81,CCl4,2026-04-20_CCl4_HE,train,19456,15872,17
s4643ea,8,R26-122-12_HE_81,CCl4,2026-04-20_CCl4_HE,train,24576,16384,17
s4643ea,9,R26-122-12_HE_81,CCl4,2026-04-20_CCl4_HE,train,17920,16896,17
s4643ea,10,R26-122-12_HE_81,CCl4,2026-04-20_CCl4_HE,train,12288,16384,17
s4643ea,11,R26-122-12_HE_81,CCl4,2026-04-20_CCl4_HE,train,24576,15872,17
s4643ea,12,R26-122-12_HE_81,CCl4,2026-04-20_CCl4_HE,train,8192,16384,17
s4643ea,13,R26-122-12_HE_81,CCl4,2026-04-20_CCl4_HE,train,7680,16896,17
s4643ea,14,R26-122-12_HE_81,CCl4,2026-04-20_CCl4_HE,train,19968,16896,17
s4643ea,15,R26-122-12_HE_81,CCl4,2026-04-20_CCl4_HE,train,26624,9216,17
s4643ea,16,R26-122-12_HE_81,CCl4,2026-04-20_CCl4_HE,train,3584,16384,17
s4643ea,17,R26-122-12_HE_81,CCl4,2026-04-20_CCl4_HE,train,13312,9216,17
s4643ea,18,R26-122-12_HE_81,CCl4,2026-04-20_CCl4_HE,train,20992,15872,17
s4643ea,19,R26-122-12_HE_81,CCl4,2026-04-20_CCl4_HE,train,25088,8704,17
s4643ea,20,R26-122-12_HE_81,CCl4,2026-04-20_CCl4_HE,train,6144,9728,17
s4643ea,21,R26-122-12_HE_81,CCl4,2026-04-20_CCl4_HE,train,5632,16384,17
s4643ea,22,R26-122-12_HE_81,CCl4,2026-04-20_CCl4_HE,train,10240,9728,17
s4643ea,23,R26-122-12_HE_81,CCl4,2026-04-20_CCl4_HE,train,14848,15872,17
s4643ea,24,R26-122-12_HE_81,CCl4,2026-04-20_CCl4_HE,train,10752,16384,17
s6ad535,1,R26-122-15_HE_85,CCl4,2026-04-20_CCl4_HE,train,5632,9728,12
s6ad535,2,R26-122-15_HE_85,CCl4,2026-04-20_CCl4_HE,train,10240,9216,12
s6ad535,3,R26-122-15_HE_85,CCl4,2026-04-20_CCl4_HE,train,21504,15360,12
s6ad535,4,R26-122-15_HE_85,CCl4,2026-04-20_CCl4_HE,train,6656,9728,12
s6ad535,5,R26-122-15_HE_85,CCl4,2026-04-20_CCl4_HE,train,17920,14336,12
s6ad535,6,R26-122-15_HE_85,CCl4,2026-04-20_CCl4_HE,train,19968,14848,12
s6ad535,7,R26-122-15_HE_85,CCl4,2026-04-20_CCl4_HE,train,3072,15872,12
s6ad535,8,R26-122-15_HE_85,CCl4,2026-04-20_CCl4_HE,train,25600,14336,12
s6ad535,9,R26-122-15_HE_85,CCl4,2026-04-20_CCl4_HE,train,6144,15360,12
s6ad535,10,R26-122-15_HE_85,CCl4,2026-04-20_CCl4_HE,train,9728,14848,12
s6ad535,11,R26-122-15_HE_85,CCl4,2026-04-20_CCl4_HE,train,11264,14848,12
s6ad535,12,R26-122-15_HE_85,CCl4,2026-04-20_CCl4_HE,train,22528,14336,12
s6ad535,13,R26-122-15_HE_85,CCl4,2026-04-20_CCl4_HE,train,14848,9728,12
s6ad535,14,R26-122-15_HE_85,CCl4,2026-04-20_CCl4_HE,train,18944,9216,12
s6ad535,15,R26-122-15_HE_85,CCl4,2026-04-20_CCl4_HE,train,4608,14848,12
s6ad535,16,R26-122-15_HE_85,CCl4,2026-04-20_CCl4_HE,train,10240,10240,12
s6ad535,17,R26-122-15_HE_85,CCl4,2026-04-20_CCl4_HE,train,13824,9728,12
s6ad535,18,R26-122-15_HE_85,CCl4,2026-04-20_CCl4_HE,train,22528,9728,12
s6ad535,19,R26-122-15_HE_85,CCl4,2026-04-20_CCl4_HE,train,17408,9728,12
s6ad535,20,R26-122-15_HE_85,CCl4,2026-04-20_CCl4_HE,train,6656,10240,12
s6ad535,21,R26-122-15_HE_85,CCl4,2026-04-20_CCl4_HE,train,9728,10240,12
s6ad535,22,R26-122-15_HE_85,CCl4,2026-04-20_CCl4_HE,train,22016,8704,12
s6ad535,23,R26-122-15_HE_85,CCl4,2026-04-20_CCl4_HE,train,5120,10240,12
s6ad535,24,R26-122-15_HE_85,CCl4,2026-04-20_CCl4_HE,train,8192,9728,12
se822f5,1,R26-122-17_HE_101,CCl4,2026-04-20_CCl4_HE,train,17920,15872,1
se822f5,2,R26-122-17_HE_101,CCl4,2026-04-20_CCl4_HE,train,18432,15872,1
se822f5,3,R26-122-17_HE_101,CCl4,2026-04-20_CCl4_HE,train,26624,15872,1
se822f5,4,R26-122-17_HE_101,CCl4,2026-04-20_CCl4_HE,train,24576,19456,1
se822f5,5,R26-122-17_HE_101,CCl4,2026-04-20_CCl4_HE,train,25600,16384,1
se822f5,6,R26-122-17_HE_101,CCl4,2026-04-20_CCl4_HE,train,17920,18944,1
se822f5,7,R26-122-17_HE_101,CCl4,2026-04-20_CCl4_HE,train,18944,17408,1
se822f5,8,R26-122-17_HE_101,CCl4,2026-04-20_CCl4_HE,train,26624,19456,1
se822f5,9,R26-122-17_HE_101,CCl4,2026-04-20_CCl4_HE,train,18944,18432,1
se822f5,10,R26-122-17_HE_101,CCl4,2026-04-20_CCl4_HE,train,12288,18944,1
se822f5,11,R26-122-17_HE_101,CCl4,2026-04-20_CCl4_HE,train,27136,16896,1
se822f5,12,R26-122-17_HE_101,CCl4,2026-04-20_CCl4_HE,train,8192,18432,1
se822f5,13,R26-122-17_HE_101,CCl4,2026-04-20_CCl4_HE,train,6144,18432,1
se822f5,14,R26-122-17_HE_101,CCl4,2026-04-20_CCl4_HE,train,20992,19968,1
se822f5,15,R26-122-17_HE_101,CCl4,2026-04-20_CCl4_HE,train,6656,16896,1
se822f5,16,R26-122-17_HE_101,CCl4,2026-04-20_CCl4_HE,train,12800,17920,1
se822f5,17,R26-122-17_HE_101,CCl4,2026-04-20_CCl4_HE,train,10752,15872,1
se822f5,18,R26-122-17_HE_101,CCl4,2026-04-20_CCl4_HE,train,20992,16896,1
se822f5,19,R26-122-17_HE_101,CCl4,2026-04-20_CCl4_HE,train,5632,16384,1
se822f5,20,R26-122-17_HE_101,CCl4,2026-04-20_CCl4_HE,train,8192,17920,1
se822f5,21,R26-122-17_HE_101,CCl4,2026-04-20_CCl4_HE,train,22528,17920,1
se822f5,22,R26-122-17_HE_101,CCl4,2026-04-20_CCl4_HE,train,9728,15872,1
se822f5,23,R26-122-17_HE_101,CCl4,2026-04-20_CCl4_HE,train,14336,16384,1
se822f5,24,R26-122-17_HE_101,CCl4,2026-04-20_CCl4_HE,train,14336,19968,1
s30f936,1,R26-122-19_HE_103,CCl4,2026-04-20_CCl4_HE,train,11776,19456,2
s30f936,2,R26-122-19_HE_103,CCl4,2026-04-20_CCl4_HE,train,6144,18944,2
s30f936,3,R26-122-19_HE_103,CCl4,2026-04-20_CCl4_HE,train,12800,13312,2
s30f936,4,R26-122-19_HE_103,CCl4,2026-04-20_CCl4_HE,train,8704,20480,2
s30f936,5,R26-122-19_HE_103,CCl4,2026-04-20_CCl4_HE,train,10752,12288,2
s30f936,6,R26-122-19_HE_103,CCl4,2026-04-20_CCl4_HE,train,7680,20480,2
s30f936,7,R26-122-19_HE_103,CCl4,2026-04-20_CCl4_HE,train,13824,19456,2
s30f936,8,R26-122-19_HE_103,CCl4,2026-04-20_CCl4_HE,train,22016,13312,2
s30f936,9,R26-122-19_HE_103,CCl4,2026-04-20_CCl4_HE,train,8192,18944,2
s30f936,10,R26-122-19_HE_103,CCl4,2026-04-20_CCl4_HE,train,5632,14336,2
s30f936,11,R26-122-19_HE_103,CCl4,2026-04-20_CCl4_HE,train,6144,13312,2
s30f936,12,R26-122-19_HE_103,CCl4,2026-04-20_CCl4_HE,train,2560,14336,2
s30f936,13,R26-122-19_HE_103,CCl4,2026-04-20_CCl4_HE,train,15360,18944,2
s30f936,14,R26-122-19_HE_103,CCl4,2026-04-20_CCl4_HE,train,6656,14336,2
s30f936,15,R26-122-19_HE_103,CCl4,2026-04-20_CCl4_HE,train,16384,18944,2
s30f936,16,R26-122-19_HE_103,CCl4,2026-04-20_CCl4_HE,train,4608,13824,2
s30f936,17,R26-122-19_HE_103,CCl4,2026-04-20_CCl4_HE,train,20480,19968,2
s30f936,18,R26-122-19_HE_103,CCl4,2026-04-20_CCl4_HE,train,5632,18944,2
s30f936,19,R26-122-19_HE_103,CCl4,2026-04-20_CCl4_HE,train,9728,12800,2
s30f936,20,R26-122-19_HE_103,CCl4,2026-04-20_CCl4_HE,train,18432,19968,2
s30f936,21,R26-122-19_HE_103,CCl4,2026-04-20_CCl4_HE,train,2560,13312,2
s30f936,22,R26-122-19_HE_103,CCl4,2026-04-20_CCl4_HE,train,10752,19456,2
s30f936,23,R26-122-19_HE_103,CCl4,2026-04-20_CCl4_HE,train,7168,18944,2
s30f936,24,R26-122-19_HE_103,CCl4,2026-04-20_CCl4_HE,train,12288,13312,2
s9735b9,1,R26-122-1_HE_70,CCl4,2026-04-20_CCl4_HE,train,19968,17920,4
s9735b9,2,R26-122-1_HE_70,CCl4,2026-04-20_CCl4_HE,train,20480,7168,4
s9735b9,3,R26-122-1_HE_70,CCl4,2026-04-20_CCl4_HE,train,22528,6144,4
s9735b9,4,R26-122-1_HE_70,CCl4,2026-04-20_CCl4_HE,train,22016,18944,4
s9735b9,5,R26-122-1_HE_70,CCl4,2026-04-20_CCl4_HE,train,14848,18944,4
s9735b9,6,R26-122-1_HE_70,CCl4,2026-04-20_CCl4_HE,train,24064,3584,4
s9735b9,7,R26-122-1_HE_70,CCl4,2026-04-20_CCl4_HE,train,24576,22528,4
s9735b9,8,R26-122-1_HE_70,CCl4,2026-04-20_CCl4_HE,train,13824,13824,4
s9735b9,9,R26-122-1_HE_70,CCl4,2026-04-20_CCl4_HE,train,7680,14336,4
s9735b9,10,R26-122-1_HE_70,CCl4,2026-04-20_CCl4_HE,train,8704,14336,4
s9735b9,11,R26-122-1_HE_70,CCl4,2026-04-20_CCl4_HE,train,25600,21504,4
s9735b9,12,R26-122-1_HE_70,CCl4,2026-04-20_CCl4_HE,train,13824,20480,4
s9735b9,13,R26-122-1_HE_70,CCl4,2026-04-20_CCl4_HE,train,19968,20480,4
s9735b9,14,R26-122-1_HE_70,CCl4,2026-04-20_CCl4_HE,train,24576,7680,4
s9735b9,15,R26-122-1_HE_70,CCl4,2026-04-20_CCl4_HE,train,25088,19456,4
s9735b9,16,R26-122-1_HE_70,CCl4,2026-04-20_CCl4_HE,train,27648,11264,4
s9735b9,17,R26-122-1_HE_70,CCl4,2026-04-20_CCl4_HE,train,14848,12288,4
s9735b9,18,R26-122-1_HE_70,CCl4,2026-04-20_CCl4_HE,train,10240,19968,4
s9735b9,19,R26-122-1_HE_70,CCl4,2026-04-20_CCl4_HE,train,29696,13824,4
s9735b9,20,R26-122-1_HE_70,CCl4,2026-04-20_CCl4_HE,train,24064,11776,4
s9735b9,21,R26-122-1_HE_70,CCl4,2026-04-20_CCl4_HE,train,22016,8704,4
s9735b9,22,R26-122-1_HE_70,CCl4,2026-04-20_CCl4_HE,train,28160,8704,4
s9735b9,23,R26-122-1_HE_70,CCl4,2026-04-20_CCl4_HE,train,17408,18944,4
s9735b9,24,R26-122-1_HE_70,CCl4,2026-04-20_CCl4_HE,train,23552,14336,4
sdc9b95,1,R26-122-22_HE_106,CCl4,2026-04-20_CCl4_HE,train,14336,11264,9
sdc9b95,2,R26-122-22_HE_106,CCl4,2026-04-20_CCl4_HE,train,17920,11776,9
sdc9b95,3,R26-122-22_HE_106,CCl4,2026-04-20_CCl4_HE,train,21504,11264,9
sdc9b95,4,R26-122-22_HE_106,CCl4,2026-04-20_CCl4_HE,train,23552,18432,9
sdc9b95,5,R26-122-22_HE_106,CCl4,2026-04-20_CCl4_HE,train,16384,17920,9
sdc9b95,6,R26-122-22_HE_106,CCl4,2026-04-20_CCl4_HE,train,15872,18944,9
sdc9b95,7,R26-122-22_HE_106,CCl4,2026-04-20_CCl4_HE,train,13312,17920,9
sdc9b95,8,R26-122-22_HE_106,CCl4,2026-04-20_CCl4_HE,train,26112,18432,9
sdc9b95,9,R26-122-22_HE_106,CCl4,2026-04-20_CCl4_HE,train,17920,18944,9
sdc9b95,10,R26-122-22_HE_106,CCl4,2026-04-20_CCl4_HE,train,10240,18432,9
sdc9b95,11,R26-122-22_HE_106,CCl4,2026-04-20_CCl4_HE,train,19968,17920,9
sdc9b95,12,R26-122-22_HE_106,CCl4,2026-04-20_CCl4_HE,train,7168,18944,9
sdc9b95,13,R26-122-22_HE_106,CCl4,2026-04-20_CCl4_HE,train,24576,17920,9
sdc9b95,14,R26-122-22_HE_106,CCl4,2026-04-20_CCl4_HE,train,18432,18432,9
sdc9b95,15,R26-122-22_HE_106,CCl4,2026-04-20_CCl4_HE,train,5120,11264,9
sdc9b95,16,R26-122-22_HE_106,CCl4,2026-04-20_CCl4_HE,train,21504,17920,9
sdc9b95,17,R26-122-22_HE_106,CCl4,2026-04-20_CCl4_HE,train,11264,11776,9
sdc9b95,18,R26-122-22_HE_106,CCl4,2026-04-20_CCl4_HE,train,14848,17920,9
sdc9b95,19,R26-122-22_HE_106,CCl4,2026-04-20_CCl4_HE,train,23552,11264,9
sdc9b95,20,R26-122-22_HE_106,CCl4,2026-04-20_CCl4_HE,train,6656,11776,9
sdc9b95,21,R26-122-22_HE_106,CCl4,2026-04-20_CCl4_HE,train,23040,17920,9
sdc9b95,22,R26-122-22_HE_106,CCl4,2026-04-20_CCl4_HE,train,8192,11264,9
sdc9b95,23,R26-122-22_HE_106,CCl4,2026-04-20_CCl4_HE,train,8704,17920,9
sdc9b95,24,R26-122-22_HE_106,CCl4,2026-04-20_CCl4_HE,train,13824,18432,9
s066d91,1,R26-122-23_HE_91,CCl4,2026-04-20_CCl4_HE,train,3072,13312,20
s066d91,2,R26-122-23_HE_91,CCl4,2026-04-20_CCl4_HE,train,4096,13312,20
s066d91,3,R26-122-23_HE_91,CCl4,2026-04-20_CCl4_HE,train,8704,13312,20
s066d91,4,R26-122-23_HE_91,CCl4,2026-04-20_CCl4_HE,train,28160,15360,20
s066d91,5,R26-122-23_HE_91,CCl4,2026-04-20_CCl4_HE,train,4096,15360,20
s066d91,6,R26-122-23_HE_91,CCl4,2026-04-20_CCl4_HE,train,21504,14336,20
s066d91,7,R26-122-23_HE_91,CCl4,2026-04-20_CCl4_HE,train,28672,13312,20
s066d91,8,R26-122-23_HE_91,CCl4,2026-04-20_CCl4_HE,train,28672,15360,20
s066d91,9,R26-122-23_HE_91,CCl4,2026-04-20_CCl4_HE,train,22528,15360,20
s066d91,10,R26-122-23_HE_91,CCl4,2026-04-20_CCl4_HE,train,19456,14848,20
s066d91,11,R26-122-23_HE_91,CCl4,2026-04-20_CCl4_HE,train,6656,14848,20
s066d91,12,R26-122-23_HE_91,CCl4,2026-04-20_CCl4_HE,train,15360,15872,20
s066d91,13,R26-122-23_HE_91,CCl4,2026-04-20_CCl4_HE,train,12800,14848,20
s066d91,14,R26-122-23_HE_91,CCl4,2026-04-20_CCl4_HE,train,25600,14848,20
s066d91,15,R26-122-23_HE_91,CCl4,2026-04-20_CCl4_HE,train,12288,13824,20
s066d91,16,R26-122-23_HE_91,CCl4,2026-04-20_CCl4_HE,train,9728,14336,20
s066d91,17,R26-122-23_HE_91,CCl4,2026-04-20_CCl4_HE,train,24576,13312,20
s066d91,18,R26-122-23_HE_91,CCl4,2026-04-20_CCl4_HE,train,3584,14336,20
s066d91,19,R26-122-23_HE_91,CCl4,2026-04-20_CCl4_HE,train,11264,13312,20
s066d91,20,R26-122-23_HE_91,CCl4,2026-04-20_CCl4_HE,train,14848,13824,20
s066d91,21,R26-122-23_HE_91,CCl4,2026-04-20_CCl4_HE,train,11264,15360,20
s066d91,22,R26-122-23_HE_91,CCl4,2026-04-20_CCl4_HE,train,24064,12800,20
s066d91,23,R26-122-23_HE_91,CCl4,2026-04-20_CCl4_HE,train,18432,13824,20
s066d91,24,R26-122-23_HE_91,CCl4,2026-04-20_CCl4_HE,train,17920,15872,20
s8f24dd,1,R26-122-26_HE_107,CCl4,2026-04-20_CCl4_HE,train,16384,11264,10
s8f24dd,2,R26-122-26_HE_107,CCl4,2026-04-20_CCl4_HE,train,19968,11776,10
s8f24dd,3,R26-122-26_HE_107,CCl4,2026-04-20_CCl4_HE,train,3584,11776,10
s8f24dd,4,R26-122-26_HE_107,CCl4,2026-04-20_CCl4_HE,train,26112,16384,10
s8f24dd,5,R26-122-26_HE_107,CCl4,2026-04-20_CCl4_HE,train,23552,15872,10
s8f24dd,6,R26-122-26_HE_107,CCl4,2026-04-20_CCl4_HE,train,18944,16384,10
s8f24dd,7,R26-122-26_HE_107,CCl4,2026-04-20_CCl4_HE,train,19456,15872,10
s8f24dd,8,R26-122-26_HE_107,CCl4,2026-04-20_CCl4_HE,train,15872,16896,10
s8f24dd,9,R26-122-26_HE_107,CCl4,2026-04-20_CCl4_HE,train,20992,16384,10
s8f24dd,10,R26-122-26_HE_107,CCl4,2026-04-20_CCl4_HE,train,17920,16896,10
s8f24dd,11,R26-122-26_HE_107,CCl4,2026-04-20_CCl4_HE,train,24576,15872,10
s8f24dd,12,R26-122-26_HE_107,CCl4,2026-04-20_CCl4_HE,train,10240,17408,10
s8f24dd,13,R26-122-26_HE_107,CCl4,2026-04-20_CCl4_HE,train,9728,16896,10
s8f24dd,14,R26-122-26_HE_107,CCl4,2026-04-20_CCl4_HE,train,23552,16896,10
s8f24dd,15,R26-122-26_HE_107,CCl4,2026-04-20_CCl4_HE,train,4096,11776,10
s8f24dd,16,R26-122-26_HE_107,CCl4,2026-04-20_CCl4_HE,train,26624,15872,10
s8f24dd,17,R26-122-26_HE_107,CCl4,2026-04-20_CCl4_HE,train,25600,10240,10
s8f24dd,18,R26-122-26_HE_107,CCl4,2026-04-20_CCl4_HE,train,20992,15872,10
s8f24dd,19,R26-122-26_HE_107,CCl4,2026-04-20_CCl4_HE,train,13824,11776,10
s8f24dd,20,R26-122-26_HE_107,CCl4,2026-04-20_CCl4_HE,train,11776,11776,10
s8f24dd,21,R26-122-26_HE_107,CCl4,2026-04-20_CCl4_HE,train,6656,16896,10
s8f24dd,22,R26-122-26_HE_107,CCl4,2026-04-20_CCl4_HE,train,24064,10752,10
s8f24dd,23,R26-122-26_HE_107,CCl4,2026-04-20_CCl4_HE,train,4608,12288,10
s8f24dd,24,R26-122-26_HE_107,CCl4,2026-04-20_CCl4_HE,train,13312,16896,10
se826b6,1,R26-122-29_HE_82,CCl4,2026-04-20_CCl4_HE,test,5120,11264,25
se826b6,2,R26-122-29_HE_82,CCl4,2026-04-20_CCl4_HE,test,15872,10752,25
se826b6,3,R26-122-29_HE_82,CCl4,2026-04-20_CCl4_HE,test,17920,17408,25
se826b6,4,R26-122-29_HE_82,CCl4,2026-04-20_CCl4_HE,test,7680,10752,25
se826b6,5,R26-122-29_HE_82,CCl4,2026-04-20_CCl4_HE,test,13312,17408,25
se826b6,6,R26-122-29_HE_82,CCl4,2026-04-20_CCl4_HE,test,15872,17408,25
se826b6,7,R26-122-29_HE_82,CCl4,2026-04-20_CCl4_HE,test,11776,17408,25
se826b6,8,R26-122-29_HE_82,CCl4,2026-04-20_CCl4_HE,test,9728,17920,25
se826b6,9,R26-122-29_HE_82,CCl4,2026-04-20_CCl4_HE,test,26624,16896,25
se826b6,10,R26-122-29_HE_82,CCl4,2026-04-20_CCl4_HE,test,5632,16896,25
se826b6,11,R26-122-29_HE_82,CCl4,2026-04-20_CCl4_HE,test,6144,17920,25
se826b6,12,R26-122-29_HE_82,CCl4,2026-04-20_CCl4_HE,test,18432,16896,25
se826b6,13,R26-122-29_HE_82,CCl4,2026-04-20_CCl4_HE,test,19968,11264,25
se826b6,14,R26-122-29_HE_82,CCl4,2026-04-20_CCl4_HE,test,26112,10752,25
se826b6,15,R26-122-29_HE_82,CCl4,2026-04-20_CCl4_HE,test,24576,16384,25
se826b6,16,R26-122-29_HE_82,CCl4,2026-04-20_CCl4_HE,test,23040,16896,25
se826b6,17,R26-122-29_HE_82,CCl4,2026-04-20_CCl4_HE,test,17920,11264,25
se826b6,18,R26-122-29_HE_82,CCl4,2026-04-20_CCl4_HE,test,20992,10752,25
se826b6,19,R26-122-29_HE_82,CCl4,2026-04-20_CCl4_HE,test,24064,10240,25
se826b6,20,R26-122-29_HE_82,CCl4,2026-04-20_CCl4_HE,test,12800,11264,25
se826b6,21,R26-122-29_HE_82,CCl4,2026-04-20_CCl4_HE,test,22016,16896,25
se826b6,22,R26-122-29_HE_82,CCl4,2026-04-20_CCl4_HE,test,26624,10752,25
se826b6,23,R26-122-29_HE_82,CCl4,2026-04-20_CCl4_HE,test,11264,11264,25
se826b6,24,R26-122-29_HE_82,CCl4,2026-04-20_CCl4_HE,test,8192,10752,25
s7f0947,1,R26-122-2_HE_71,CCl4,2026-04-20_CCl4_HE,train,15872,9728,30
s7f0947,2,R26-122-2_HE_71,CCl4,2026-04-20_CCl4_HE,train,16384,9728,30
s7f0947,3,R26-122-2_HE_71,CCl4,2026-04-20_CCl4_HE,train,21504,9728,30
s7f0947,4,R26-122-2_HE_71,CCl4,2026-04-20_CCl4_HE,train,19968,12288,30
s7f0947,5,R26-122-2_HE_71,CCl4,2026-04-20_CCl4_HE,train,18944,10240,30
s7f0947,6,R26-122-2_HE_71,CCl4,2026-04-20_CCl4_HE,train,13824,12800,30
s7f0947,7,R26-122-2_HE_71,CCl4,2026-04-20_CCl4_HE,train,14336,11264,30
s7f0947,8,R26-122-2_HE_71,CCl4,2026-04-20_CCl4_HE,train,23040,13312,30
s7f0947,9,R26-122-2_HE_71,CCl4,2026-04-20_CCl4_HE,train,15872,12800,30
s7f0947,10,R26-122-2_HE_71,CCl4,2026-04-20_CCl4_HE,train,11264,12800,30
s7f0947,11,R26-122-2_HE_71,CCl4,2026-04-20_CCl4_HE,train,20992,10752,30
s7f0947,12,R26-122-2_HE_71,CCl4,2026-04-20_CCl4_HE,train,7680,13312,30
s7f0947,13,R26-122-2_HE_71,CCl4,2026-04-20_CCl4_HE,train,4608,12800,30
s7f0947,14,R26-122-2_HE_71,CCl4,2026-04-20_CCl4_HE,train,16384,12800,30
s7f0947,15,R26-122-2_HE_71,CCl4,2026-04-20_CCl4_HE,train,4608,10752,30
s7f0947,16,R26-122-2_HE_71,CCl4,2026-04-20_CCl4_HE,train,22528,11776,30
s7f0947,17,R26-122-2_HE_71,CCl4,2026-04-20_CCl4_HE,train,11776,9728,30
s7f0947,18,R26-122-2_HE_71,CCl4,2026-04-20_CCl4_HE,train,16384,11776,30
s7f0947,19,R26-122-2_HE_71,CCl4,2026-04-20_CCl4_HE,train,3584,11264,30
s7f0947,20,R26-122-2_HE_71,CCl4,2026-04-20_CCl4_HE,train,7168,10752,30
s7f0947,21,R26-122-2_HE_71,CCl4,2026-04-20_CCl4_HE,train,3584,12800,30
s7f0947,22,R26-122-2_HE_71,CCl4,2026-04-20_CCl4_HE,train,9216,9728,30
s7f0947,23,R26-122-2_HE_71,CCl4,2026-04-20_CCl4_HE,train,10752,10752,30
s7f0947,24,R26-122-2_HE_71,CCl4,2026-04-20_CCl4_HE,train,8192,12800,30
s76f6ba,1,R26-122-31_HE_98,CCl4,2026-04-20_CCl4_HE,test,23552,9728,11
s76f6ba,2,R26-122-31_HE_98,CCl4,2026-04-20_CCl4_HE,test,17920,10752,11
s76f6ba,3,R26-122-31_HE_98,CCl4,2026-04-20_CCl4_HE,test,11776,19456,11
s76f6ba,4,R26-122-31_HE_98,CCl4,2026-04-20_CCl4_HE,test,26112,9728,11
s76f6ba,5,R26-122-31_HE_98,CCl4,2026-04-20_CCl4_HE,test,7680,18944,11
s76f6ba,6,R26-122-31_HE_98,CCl4,2026-04-20_CCl4_HE,test,9728,19456,11
s76f6ba,7,R26-122-31_HE_98,CCl4,2026-04-20_CCl4_HE,test,5632,19456,11
s76f6ba,8,R26-122-31_HE_98,CCl4,2026-04-20_CCl4_HE,test,3584,19456,11
s76f6ba,9,R26-122-31_HE_98,CCl4,2026-04-20_CCl4_HE,test,21504,18944,11
s76f6ba,10,R26-122-31_HE_98,CCl4,2026-04-20_CCl4_HE,test,23552,18432,11
s76f6ba,11,R26-122-31_HE_98,CCl4,2026-04-20_CCl4_HE,test,24576,18432,11
s76f6ba,12,R26-122-31_HE_98,CCl4,2026-04-20_CCl4_HE,test,12288,19456,11
s76f6ba,13,R26-122-31_HE_98,CCl4,2026-04-20_CCl4_HE,test,22016,10752,11
s76f6ba,14,R26-122-31_HE_98,CCl4,2026-04-20_CCl4_HE,test,19456,9728,11
s76f6ba,15,R26-122-31_HE_98,CCl4,2026-04-20_CCl4_HE,test,19456,19456,11
s76f6ba,16,R26-122-31_HE_98,CCl4,2026-04-20_CCl4_HE,test,16896,18944,11
s76f6ba,17,R26-122-31_HE_98,CCl4,2026-04-20_CCl4_HE,test,19968,10752,11
s76f6ba,18,R26-122-31_HE_98,CCl4,2026-04-20_CCl4_HE,test,23040,10752,11
s76f6ba,19,R26-122-31_HE_98,CCl4,2026-04-20_CCl4_HE,test,17920,9728,11
s76f6ba,20,R26-122-31_HE_98,CCl4,2026-04-20_CCl4_HE,test,27648,10752,11
s76f6ba,21,R26-122-31_HE_98,CCl4,2026-04-20_CCl4_HE,test,15872,18944,11
s76f6ba,22,R26-122-31_HE_98,CCl4,2026-04-20_CCl4_HE,test,21504,9728,11
s76f6ba,23,R26-122-31_HE_98,CCl4,2026-04-20_CCl4_HE,test,25088,11264,11
s76f6ba,24,R26-122-31_HE_98,CCl4,2026-04-20_CCl4_HE,test,26624,9728,11
scc3cc3,1,R26-122-34_HE_93,CCl4,2026-04-20_CCl4_HE,test,5632,7680,15
scc3cc3,2,R26-122-34_HE_93,CCl4,2026-04-20_CCl4_HE,test,6144,7680,15
scc3cc3,3,R26-122-34_HE_93,CCl4,2026-04-20_CCl4_HE,test,11264,7680,15
scc3cc3,4,R26-122-34_HE_93,CCl4,2026-04-20_CCl4_HE,test,4608,12800,15
scc3cc3,5,R26-122-34_HE_93,CCl4,2026-04-20_CCl4_HE,test,15872,8192,15
scc3cc3,6,R26-122-34_HE_93,CCl4,2026-04-20_CCl4_HE,test,14848,12288,15
scc3cc3,7,R26-122-34_HE_93,CCl4,2026-04-20_CCl4_HE,test,9216,8704,15
scc3cc3,8,R26-122-34_HE_93,CCl4,2026-04-20_CCl4_HE,test,9216,13312,15
scc3cc3,9,R26-122-34_HE_93,CCl4,2026-04-20_CCl4_HE,test,7168,13312,15
scc3cc3,10,R26-122-34_HE_93,CCl4,2026-04-20_CCl4_HE,test,21504,12288,15
scc3cc3,11,R26-122-34_HE_93,CCl4,2026-04-20_CCl4_HE,test,16896,8192,15
scc3cc3,12,R26-122-34_HE_93,CCl4,2026-04-20_CCl4_HE,test,20992,8192,15
scc3cc3,13,R26-122-34_HE_93,CCl4,2026-04-20_CCl4_HE,test,11264,13312,15
scc3cc3,14,R26-122-34_HE_93,CCl4,2026-04-20_CCl4_HE,test,3072,13824,15
scc3cc3,15,R26-122-34_HE_93,CCl4,2026-04-20_CCl4_HE,test,14848,7680,15
scc3cc3,16,R26-122-34_HE_93,CCl4,2026-04-20_CCl4_HE,test,13824,8704,15
scc3cc3,17,R26-122-34_HE_93,CCl4,2026-04-20_CCl4_HE,test,22528,12800,15
scc3cc3,18,R26-122-34_HE_93,CCl4,2026-04-20_CCl4_HE,test,20480,7680,15
scc3cc3,19,R26-122-34_HE_93,CCl4,2026-04-20_CCl4_HE,test,10240,8704,15
scc3cc3,20,R26-122-34_HE_93,CCl4,2026-04-20_CCl4_HE,test,12800,7680,15
scc3cc3,21,R26-122-34_HE_93,CCl4,2026-04-20_CCl4_HE,test,16384,7680,15
scc3cc3,22,R26-122-34_HE_93,CCl4,2026-04-20_CCl4_HE,test,18432,8192,15
scc3cc3,23,R26-122-34_HE_93,CCl4,2026-04-20_CCl4_HE,test,19456,7680,15
scc3cc3,24,R26-122-34_HE_93,CCl4,2026-04-20_CCl4_HE,test,5632,8704,15
s1f2a4a,1,R26-122-36_HE_95,CCl4,2026-04-20_CCl4_HE,train,5632,11776,28
s1f2a4a,2,R26-122-36_HE_95,CCl4,2026-04-20_CCl4_HE,train,7168,14336,28
s1f2a4a,3,R26-122-36_HE_95,CCl4,2026-04-20_CCl4_HE,train,6656,11776,28
s1f2a4a,4,R26-122-36_HE_95,CCl4,2026-04-20_CCl4_HE,train,27648,14336,28
s1f2a4a,5,R26-122-36_HE_95,CCl4,2026-04-20_CCl4_HE,train,13824,11776,28
s1f2a4a,6,R26-122-36_HE_95,CCl4,2026-04-20_CCl4_HE,train,18944,13824,28
s1f2a4a,7,R26-122-36_HE_95,CCl4,2026-04-20_CCl4_HE,train,25088,13824,28
s1f2a4a,8,R26-122-36_HE_95,CCl4,2026-04-20_CCl4_HE,train,18944,14336,28
s1f2a4a,9,R26-122-36_HE_95,CCl4,2026-04-20_CCl4_HE,train,26624,11776,28
s1f2a4a,10,R26-122-36_HE_95,CCl4,2026-04-20_CCl4_HE,train,13824,13824,28
s1f2a4a,11,R26-122-36_HE_95,CCl4,2026-04-20_CCl4_HE,train,5632,14848,28
s1f2a4a,12,R26-122-36_HE_95,CCl4,2026-04-20_CCl4_HE,train,5632,12800,28
s1f2a4a,13,R26-122-36_HE_95,CCl4,2026-04-20_CCl4_HE,train,16896,12800,28
s1f2a4a,14,R26-122-36_HE_95,CCl4,2026-04-20_CCl4_HE,train,6656,13312,28
s1f2a4a,15,R26-122-36_HE_95,CCl4,2026-04-20_CCl4_HE,train,3584,11776,28
s1f2a4a,16,R26-122-36_HE_95,CCl4,2026-04-20_CCl4_HE,train,11776,13824,28
s1f2a4a,17,R26-122-36_HE_95,CCl4,2026-04-20_CCl4_HE,train,10752,11776,28
s1f2a4a,18,R26-122-36_HE_95,CCl4,2026-04-20_CCl4_HE,train,27136,12288,28
s1f2a4a,19,R26-122-36_HE_95,CCl4,2026-04-20_CCl4_HE,train,23040,12800,28
s1f2a4a,20,R26-122-36_HE_95,CCl4,2026-04-20_CCl4_HE,train,22016,14336,28
s1f2a4a,21,R26-122-36_HE_95,CCl4,2026-04-20_CCl4_HE,train,15872,11776,28
s1f2a4a,22,R26-122-36_HE_95,CCl4,2026-04-20_CCl4_HE,train,16896,14336,28
s1f2a4a,23,R26-122-36_HE_95,CCl4,2026-04-20_CCl4_HE,train,14848,13312,28
s1f2a4a,24,R26-122-36_HE_95,CCl4,2026-04-20_CCl4_HE,train,26112,14336,28
s368939,1,R26-122-38_HE_97,CCl4,2026-04-20_CCl4_HE,test,9728,9728,16
s368939,2,R26-122-38_HE_97,CCl4,2026-04-20_CCl4_HE,test,11776,10752,16
s368939,3,R26-122-38_HE_97,CCl4,2026-04-20_CCl4_HE,test,11264,9728,16
s368939,4,R26-122-38_HE_97,CCl4,2026-04-20_CCl4_HE,test,18432,10240,16
s368939,5,R26-122-38_HE_97,CCl4,2026-04-20_CCl4_HE,test,5120,10752,16
s368939,6,R26-122-38_HE_97,CCl4,2026-04-20_CCl4_HE,test,3584,10752,16
s368939,7,R26-122-38_HE_97,CCl4,2026-04-20_CCl4_HE,test,23552,15872,16
s368939,8,R26-122-38_HE_97,CCl4,2026-04-20_CCl4_HE,test,9216,16384,16
s368939,9,R26-122-38_HE_97,CCl4,2026-04-20_CCl4_HE,test,5120,9728,16
s368939,10,R26-122-38_HE_97,CCl4,2026-04-20_CCl4_HE,test,12288,16384,16
s368939,11,R26-122-38_HE_97,CCl4,2026-04-20_CCl4_HE,test,19456,16384,16
s368939,12,R26-122-38_HE_97,CCl4,2026-04-20_CCl4_HE,test,9216,15872,16
s368939,13,R26-122-38_HE_97,CCl4,2026-04-20_CCl4_HE,test,7680,16384,16
s368939,14,R26-122-38_HE_97,CCl4,2026-04-20_CCl4_HE,test,17920,15360,16
s368939,15,R26-122-38_HE_97,CCl4,2026-04-20_CCl4_HE,test,13824,10752,16
s368939,16,R26-122-38_HE_97,CCl4,2026-04-20_CCl4_HE,test,6656,9728,16
s368939,17,R26-122-38_HE_97,CCl4,2026-04-20_CCl4_HE,test,17920,10752,16
s368939,18,R26-122-38_HE_97,CCl4,2026-04-20_CCl4_HE,test,15872,9728,16
s368939,19,R26-122-38_HE_97,CCl4,2026-04-20_CCl4_HE,test,3072,16384,16
s368939,20,R26-122-38_HE_97,CCl4,2026-04-20_CCl4_HE,test,19456,15360,16
s368939,21,R26-122-38_HE_97,CCl4,2026-04-20_CCl4_HE,test,15360,16384,16
s368939,22,R26-122-38_HE_97,CCl4,2026-04-20_CCl4_HE,test,6656,10752,16
s368939,23,R26-122-38_HE_97,CCl4,2026-04-20_CCl4_HE,test,20480,15872,16
s368939,24,R26-122-38_HE_97,CCl4,2026-04-20_CCl4_HE,test,12800,9728,16
s34ee11,1,R26-122-3_HE_72,CCl4,2026-04-20_CCl4_HE,train,26112,9216,5
s34ee11,2,R26-122-3_HE_72,CCl4,2026-04-20_CCl4_HE,train,12288,15872,5
s34ee11,3,R26-122-3_HE_72,CCl4,2026-04-20_CCl4_HE,train,3584,9728,5
s34ee11,4,R26-122-3_HE_72,CCl4,2026-04-20_CCl4_HE,train,19968,16384,5
s34ee11,5,R26-122-3_HE_72,CCl4,2026-04-20_CCl4_HE,train,8192,9728,5
s34ee11,6,R26-122-3_HE_72,CCl4,2026-04-20_CCl4_HE,train,24576,14848,5
s34ee11,7,R26-122-3_HE_72,CCl4,2026-04-20_CCl4_HE,train,20480,15872,5
s34ee11,8,R26-122-3_HE_72,CCl4,2026-04-20_CCl4_HE,train,11264,16384,5
s34ee11,9,R26-122-3_HE_72,CCl4,2026-04-20_CCl4_HE,train,22016,9216,5
s34ee11,10,R26-122-3_HE_72,CCl4,2026-04-20_CCl4_HE,train,13824,10240,5
s34ee11,11,R26-122-3_HE_72,CCl4,2026-04-20_CCl4_HE,train,10752,15360,5
s34ee11,12,R26-122-3_HE_72,CCl4,2026-04-20_CCl4_HE,train,4096,10240,5
s34ee11,13,R26-122-3_HE_72,CCl4,2026-04-20_CCl4_HE,train,17408,10240,5
s34ee11,14,R26-122-3_HE_72,CCl4,2026-04-20_CCl4_HE,train,7168,10240,5
s34ee11,15,R26-122-3_HE_72,CCl4,2026-04-20_CCl4_HE,train,22528,9728,5
s34ee11,16,R26-122-3_HE_72,CCl4,2026-04-20_CCl4_HE,train,10240,10240,5
s34ee11,17,R26-122-3_HE_72,CCl4,2026-04-20_CCl4_HE,train,6656,9728,5
s34ee11,18,R26-122-3_HE_72,CCl4,2026-04-20_CCl4_HE,train,22528,15872,5
s34ee11,19,R26-122-3_HE_72,CCl4,2026-04-20_CCl4_HE,train,18432,10240,5
s34ee11,20,R26-122-3_HE_72,CCl4,2026-04-20_CCl4_HE,train,12288,16384,5
s34ee11,21,R26-122-3_HE_72,CCl4,2026-04-20_CCl4_HE,train,19456,9728,5
s34ee11,22,R26-122-3_HE_72,CCl4,2026-04-20_CCl4_HE,train,8192,16384,5
s34ee11,23,R26-122-3_HE_72,CCl4,2026-04-20_CCl4_HE,train,14336,10240,5
s34ee11,24,R26-122-3_HE_72,CCl4,2026-04-20_CCl4_HE,train,16384,16384,5
sa6d9a1,1,R26-122-6_HE_75,CCl4,2026-04-20_CCl4_HE,train,17920,9728,24
sa6d9a1,2,R26-122-6_HE_75,CCl4,2026-04-20_CCl4_HE,train,2560,10240,24
sa6d9a1,3,R26-122-6_HE_75,CCl4,2026-04-20_CCl4_HE,train,26624,18432,24
sa6d9a1,4,R26-122-6_HE_75,CCl4,2026-04-20_CCl4_HE,train,18432,9728,24
sa6d9a1,5,R26-122-6_HE_75,CCl4,2026-04-20_CCl4_HE,train,24064,18432,24
sa6d9a1,6,R26-122-6_HE_75,CCl4,2026-04-20_CCl4_HE,train,9728,19968,24
sa6d9a1,7,R26-122-6_HE_75,CCl4,2026-04-20_CCl4_HE,train,14848,19456,24
sa6d9a1,8,R26-122-6_HE_75,CCl4,2026-04-20_CCl4_HE,train,19968,10752,24
sa6d9a1,9,R26-122-6_HE_75,CCl4,2026-04-20_CCl4_HE,train,13824,19456,24
sa6d9a1,10,R26-122-6_HE_75,CCl4,2026-04-20_CCl4_HE,train,23040,10752,24
sa6d9a1,11,R26-122-6_HE_75,CCl4,2026-04-20_CCl4_HE,train,17408,19456,24
sa6d9a1,12,R26-122-6_HE_75,CCl4,2026-04-20_CCl4_HE,train,21504,18944,24
sa6d9a1,13,R26-122-6_HE_75,CCl4,2026-04-20_CCl4_HE,train,11776,19456,24
sa6d9a1,14,R26-122-6_HE_75,CCl4,2026-04-20_CCl4_HE,train,6656,11264,24
sa6d9a1,15,R26-122-6_HE_75,CCl4,2026-04-20_CCl4_HE,train,9728,11264,24
sa6d9a1,16,R26-122-6_HE_75,CCl4,2026-04-20_CCl4_HE,train,12288,9728,24
sa6d9a1,17,R26-122-6_HE_75,CCl4,2026-04-20_CCl4_HE,train,20480,10752,24
sa6d9a1,18,R26-122-6_HE_75,CCl4,2026-04-20_CCl4_HE,train,5120,10240,24
sa6d9a1,19,R26-122-6_HE_75,CCl4,2026-04-20_CCl4_HE,train,11776,10240,24
sa6d9a1,20,R26-122-6_HE_75,CCl4,2026-04-20_CCl4_HE,train,18432,19456,24
sa6d9a1,21,R26-122-6_HE_75,CCl4,2026-04-20_CCl4_HE,train,9216,9728,24
sa6d9a1,22,R26-122-6_HE_75,CCl4,2026-04-20_CCl4_HE,train,14336,10752,24
sa6d9a1,23,R26-122-6_HE_75,CCl4,2026-04-20_CCl4_HE,train,24576,18944,24
sa6d9a1,24,R26-122-6_HE_75,CCl4,2026-04-20_CCl4_HE,train,17408,10752,24
s25d81a,1,R26-122-9_HE_78,CCl4,2026-04-20_CCl4_HE,test,10240,11264,23
s25d81a,2,R26-122-9_HE_78,CCl4,2026-04-20_CCl4_HE,test,3584,11776,23
s25d81a,3,R26-122-9_HE_78,CCl4,2026-04-20_CCl4_HE,test,3584,13312,23
s25d81a,4,R26-122-9_HE_78,CCl4,2026-04-20_CCl4_HE,test,15872,20480,23
s25d81a,5,R26-122-9_HE_78,CCl4,2026-04-20_CCl4_HE,test,16896,18944,23
s25d81a,6,R26-122-9_HE_78,CCl4,2026-04-20_CCl4_HE,test,8704,20992,23
s25d81a,7,R26-122-9_HE_78,CCl4,2026-04-20_CCl4_HE,test,13312,19968,23
s25d81a,8,R26-122-9_HE_78,CCl4,2026-04-20_CCl4_HE,test,17408,20480,23
s25d81a,9,R26-122-9_HE_78,CCl4,2026-04-20_CCl4_HE,test,10240,20480,23
s25d81a,10,R26-122-9_HE_78,CCl4,2026-04-20_CCl4_HE,test,7680,20992,23
s25d81a,11,R26-122-9_HE_78,CCl4,2026-04-20_CCl4_HE,test,18432,18944,23
s25d81a,12,R26-122-9_HE_78,CCl4,2026-04-20_CCl4_HE,test,11264,19456,23
s25d81a,13,R26-122-9_HE_78,CCl4,2026-04-20_CCl4_HE,test,9728,19968,23
s25d81a,14,R26-122-9_HE_78,CCl4,2026-04-20_CCl4_HE,test,13824,20480,23
s25d81a,15,R26-122-9_HE_78,CCl4,2026-04-20_CCl4_HE,test,6144,12288,23
s25d81a,16,R26-122-9_HE_78,CCl4,2026-04-20_CCl4_HE,test,5632,19968,23
s25d81a,17,R26-122-9_HE_78,CCl4,2026-04-20_CCl4_HE,test,7680,11776,23
s25d81a,18,R26-122-9_HE_78,CCl4,2026-04-20_CCl4_HE,test,14336,18944,23
s25d81a,19,R26-122-9_HE_78,CCl4,2026-04-20_CCl4_HE,test,4608,12800,23
s25d81a,20,R26-122-9_HE_78,CCl4,2026-04-20_CCl4_HE,test,9728,12288,23
s25d81a,21,R26-122-9_HE_78,CCl4,2026-04-20_CCl4_HE,test,6144,19968,23
s25d81a,22,R26-122-9_HE_78,CCl4,2026-04-20_CCl4_HE,test,4608,11264,23
s25d81a,23,R26-122-9_HE_78,CCl4,2026-04-20_CCl4_HE,test,13312,12800,23
s25d81a,24,R26-122-9_HE_78,CCl4,2026-04-20_CCl4_HE,test,5632,20992,23
